seed	scenario	method	reps	reps_ge10	singleton	purity	id_all	id_noCpG	rec_all	rec_noCpG
1	young	SubFam -n 50	40	40	0.00	0.797	100.0	100.0	7/8	7/8
1	young	SubFam -n 20	100	100	0.00	0.839	99.8	100.0	8/8	8/8
1	young	SubFam -n 20 -c	100	100	0.00	0.839	100.0	100.0	8/8	8/8
1	young	SubFam -m -n 20	100	100	0.00	0.867	99.7	100.0	7/8	7/8
1	young	VSEARCH 0.95	1803	1	0.85	0.998	99.3	99.2	5/8	5/8
1	young	VSEARCH 0.90	941	28	0.35	0.982	99.3	100.0	7/8	8/8
1	young	VSEARCH 0.85	257	37	0.06	0.922	99.3	100.0	8/8	8/8
1	young	VSEARCH 0.80	56	31	0.00	0.780	99.4	100.0	8/8	8/8
1	young	VSEARCH 0.75	8	7	0.00	0.444	100.0	100.0	2/8	2/8
1	young	VSEARCH 0.70	4	4	0.00	0.306	98.7	98.7	0/8	0/8
1	middle	SubFam -n 50	40	40	0.00	0.587	88.6	99.1	5/8	7/8
1	middle	SubFam -n 20	100	100	0.00	0.702	89.4	100.0	6/8	7/8
1	middle	SubFam -n 20 -c	100	100	0.00	0.702	89.4	100.0	6/8	7/8
1	middle	SubFam -m -n 20	100	100	0.00	0.649	88.9	98.7	1/8	7/8
1	middle	VSEARCH 0.95	2000	0	1.00	1.000	nan	nan	0/8	0/8
1	middle	VSEARCH 0.90	1938	1	0.95	0.998	99.7	100.0	1/8	6/8
1	middle	VSEARCH 0.85	1658	7	0.75	0.977	98.7	100.0	2/8	7/8
1	middle	VSEARCH 0.80	966	24	0.35	0.918	94.9	100.0	2/8	7/8
1	middle	VSEARCH 0.75	338	46	0.07	0.787	90.0	99.2	0/8	6/8
1	middle	VSEARCH 0.70	50	23	0.00	0.520	85.4	98.7	0/8	5/8
1	old	SubFam -n 50	40	40	0.00	0.514	80.1	99.1	0/8	6/8
1	old	SubFam -n 20	100	100	0.00	0.617	80.1	99.8	0/8	7/8
1	old	SubFam -n 20 -c	100	100	0.00	0.617	79.8	99.6	0/8	7/8
1	old	SubFam -m -n 20	100	100	0.00	0.503	79.3	97.9	0/8	7/8
1	old	VSEARCH 0.95	2000	0	1.00	1.000	nan	nan	0/8	0/8
1	old	VSEARCH 0.90	2000	0	1.00	1.000	nan	nan	0/8	0/8
1	old	VSEARCH 0.85	1975	0	0.98	0.996	nan	nan	0/8	0/8
1	old	VSEARCH 0.80	1716	0	0.78	0.968	nan	nan	0/8	4/8
1	old	VSEARCH 0.75	986	29	0.36	0.901	80.5	99.2	0/8	6/8
1	old	VSEARCH 0.70	363	43	0.10	0.738	80.1	99.1	0/8	7/8
1	mixed	SubFam -n 50	40	40	0.00	0.802	99.7	100.0	4/8	7/8
1	mixed	SubFam -n 20	100	100	0.00	0.849	99.0	100.0	4/8	7/8
1	mixed	SubFam -n 20 -c	100	100	0.00	0.849	99.0	100.0	4/8	7/8
1	mixed	SubFam -m -n 20	100	100	0.00	0.821	98.7	99.6	4/8	7/8
1	mixed	VSEARCH 0.95	1882	1	0.91	1.000	99.3	99.2	3/8	3/8
1	mixed	VSEARCH 0.90	1388	17	0.63	0.999	100.0	100.0	4/8	4/8
1	mixed	VSEARCH 0.85	957	22	0.44	0.990	99.2	100.0	4/8	4/8
1	mixed	VSEARCH 0.80	776	16	0.35	0.952	99.8	100.0	4/8	5/8
1	mixed	VSEARCH 0.75	463	17	0.17	0.905	89.7	98.6	3/8	6/8
1	mixed	VSEARCH 0.70	188	21	0.05	0.627	79.9	98.3	1/8	4/8
1	heavytrunc	SubFam -n 50	40	40	0.00	0.503	89.6	99.0	0/8	5/8
1	heavytrunc	SubFam -n 20	100	100	0.00	0.610	89.9	99.3	1/8	7/8
1	heavytrunc	SubFam -n 20 -c	100	100	0.00	0.610	89.1	99.5	1/8	7/8
1	heavytrunc	SubFam -m -n 20	100	100	0.00	0.549	86.6	96.2	0/8	0/8
1	heavytrunc	VSEARCH 0.95	1997	0	1.00	1.000	nan	nan	0/8	0/8
1	heavytrunc	VSEARCH 0.90	1917	1	0.93	0.992	98.7	99.1	0/8	0/8
1	heavytrunc	VSEARCH 0.85	1530	8	0.67	0.951	95.7	98.6	0/8	4/8
1	heavytrunc	VSEARCH 0.80	839	32	0.30	0.862	93.6	99.0	0/8	4/8
1	heavytrunc	VSEARCH 0.75	293	49	0.07	0.710	90.4	99.0	0/8	1/8
1	heavytrunc	VSEARCH 0.70	62	32	0.00	0.526	86.6	97.9	0/8	3/8
2	young	SubFam -n 50	40	40	0.00	0.802	100.0	100.0	8/8	8/8
2	young	SubFam -n 20	100	100	0.00	0.865	100.0	100.0	8/8	8/8
2	young	SubFam -n 20 -c	100	100	0.00	0.865	100.0	100.0	8/8	8/8
2	young	SubFam -m -n 20	100	100	0.00	0.915	99.7	100.0	8/8	8/8
2	young	VSEARCH 0.95	1798	3	0.85	1.000	99.7	100.0	6/8	6/8
2	young	VSEARCH 0.90	890	34	0.33	0.992	99.6	100.0	8/8	8/8
2	young	VSEARCH 0.85	234	43	0.05	0.945	99.3	100.0	8/8	8/8
2	young	VSEARCH 0.80	38	20	0.00	0.732	98.7	99.2	5/8	6/8
2	young	VSEARCH 0.75	8	7	0.00	0.350	98.3	100.0	2/8	3/8
2	young	VSEARCH 0.70	3	2	0.00	0.300	98.4	98.7	0/8	0/8
2	middle	SubFam -n 50	40	40	0.00	0.646	86.7	100.0	5/8	7/8
2	middle	SubFam -n 20	100	100	0.00	0.732	87.4	100.0	5/8	8/8
2	middle	SubFam -n 20 -c	100	100	0.00	0.732	87.4	100.0	5/8	8/8
2	middle	SubFam -m -n 20	100	100	0.00	0.706	86.3	99.1	2/8	7/8
2	middle	VSEARCH 0.95	2000	0	1.00	1.000	nan	nan	0/8	0/8
2	middle	VSEARCH 0.90	1964	0	0.97	1.000	nan	nan	0/8	3/8
2	middle	VSEARCH 0.85	1683	2	0.78	0.989	97.7	100.0	1/8	7/8
2	middle	VSEARCH 0.80	1051	19	0.39	0.944	94.7	100.0	1/8	8/8
2	middle	VSEARCH 0.75	342	49	0.07	0.828	90.7	99.1	0/8	8/8
2	middle	VSEARCH 0.70	68	24	0.01	0.591	85.1	98.7	0/8	5/8
2	old	SubFam -n 50	40	40	0.00	0.538	81.1	99.5	0/8	5/8
2	old	SubFam -n 20	100	100	0.00	0.611	81.2	99.6	0/8	6/8
2	old	SubFam -n 20 -c	100	100	0.00	0.611	81.1	99.5	0/8	6/8
2	old	SubFam -m -n 20	100	100	0.00	0.534	80.3	97.7	0/8	5/8
2	old	VSEARCH 0.95	2000	0	1.00	1.000	nan	nan	0/8	0/8
2	old	VSEARCH 0.90	2000	0	1.00	1.000	nan	nan	0/8	0/8
2	old	VSEARCH 0.85	1965	0	0.97	0.999	nan	nan	0/8	0/8
2	old	VSEARCH 0.80	1707	4	0.77	0.978	85.8	99.7	0/8	3/8
2	old	VSEARCH 0.75	991	25	0.35	0.890	81.4	99.6	0/8	6/8
2	old	VSEARCH 0.70	408	45	0.10	0.735	80.7	98.7	0/8	1/8
2	mixed	SubFam -n 50	40	40	0.00	0.851	99.0	100.0	4/8	6/8
2	mixed	SubFam -n 20	100	100	0.00	0.906	98.8	100.0	4/8	7/8
2	mixed	SubFam -n 20 -c	100	100	0.00	0.906	98.4	100.0	4/8	7/8
2	mixed	SubFam -m -n 20	100	100	0.00	0.876	97.8	100.0	4/8	7/8
2	mixed	VSEARCH 0.95	1873	2	0.91	1.000	99.5	100.0	4/8	4/8
2	mixed	VSEARCH 0.90	1347	19	0.61	1.000	99.3	100.0	4/8	4/8
2	mixed	VSEARCH 0.85	959	21	0.44	0.995	99.3	100.0	4/8	4/8
2	mixed	VSEARCH 0.80	754	12	0.33	0.976	100.0	100.0	4/8	4/8
2	mixed	VSEARCH 0.75	440	17	0.16	0.913	82.3	99.1	3/8	5/8
2	mixed	VSEARCH 0.70	174	24	0.04	0.711	80.7	98.4	2/8	3/8
2	heavytrunc	SubFam -n 50	40	40	0.00	0.572	87.5	99.0	1/8	6/8
2	heavytrunc	SubFam -n 20	100	100	0.00	0.676	88.9	99.1	1/8	6/8
2	heavytrunc	SubFam -n 20 -c	100	100	0.00	0.676	88.6	100.0	1/8	7/8
2	heavytrunc	SubFam -m -n 20	100	100	0.00	0.636	85.5	94.9	0/8	1/8
2	heavytrunc	VSEARCH 0.95	1999	0	1.00	1.000	nan	nan	0/8	0/8
2	heavytrunc	VSEARCH 0.90	1948	0	0.96	0.997	nan	nan	0/8	0/8
2	heavytrunc	VSEARCH 0.85	1617	6	0.72	0.979	95.7	98.7	0/8	4/8
2	heavytrunc	VSEARCH 0.80	883	34	0.31	0.915	92.3	99.0	0/8	6/8
2	heavytrunc	VSEARCH 0.75	297	53	0.06	0.775	87.9	98.1	0/8	6/8
2	heavytrunc	VSEARCH 0.70	79	30	0.01	0.587	86.4	96.7	0/8	0/8
3	young	SubFam -n 50	40	40	0.00	0.796	100.0	100.0	7/8	7/8
3	young	SubFam -n 20	100	100	0.00	0.848	100.0	100.0	7/8	7/8
3	young	SubFam -n 20 -c	100	100	0.00	0.848	100.0	100.0	7/8	7/8
3	young	SubFam -m -n 20	100	100	0.00	0.869	99.7	100.0	8/8	8/8
3	young	VSEARCH 0.95	1814	0	0.85	0.992	nan	nan	4/8	5/8
3	young	VSEARCH 0.90	989	30	0.38	0.981	99.6	100.0	6/8	7/8
3	young	VSEARCH 0.85	310	44	0.07	0.887	98.8	100.0	7/8	7/8
3	young	VSEARCH 0.80	45	20	0.00	0.847	100.0	100.0	7/8	7/8
3	young	VSEARCH 0.75	12	6	0.00	0.471	99.1	99.8	3/8	4/8
3	young	VSEARCH 0.70	9	6	0.00	0.320	98.8	100.0	1/8	1/8
3	middle	SubFam -n 50	40	40	0.00	0.626	90.0	100.0	3/8	6/8
3	middle	SubFam -n 20	100	100	0.00	0.709	88.6	100.0	5/8	8/8
3	middle	SubFam -n 20 -c	100	100	0.00	0.709	88.2	100.0	5/8	8/8
3	middle	SubFam -m -n 20	100	100	0.00	0.665	87.6	98.3	0/8	6/8
3	middle	VSEARCH 0.95	1999	0	1.00	1.000	nan	nan	0/8	0/8
3	middle	VSEARCH 0.90	1963	0	0.97	0.999	nan	nan	0/8	1/8
3	middle	VSEARCH 0.85	1710	5	0.79	0.985	97.7	100.0	2/8	6/8
3	middle	VSEARCH 0.80	1084	26	0.40	0.944	94.3	100.0	0/8	7/8
3	middle	VSEARCH 0.75	397	40	0.09	0.848	89.7	99.5	1/8	7/8
3	middle	VSEARCH 0.70	83	38	0.01	0.624	84.6	99.1	1/8	8/8
3	old	SubFam -n 50	40	40	0.00	0.547	77.7	100.0	0/8	5/8
3	old	SubFam -n 20	100	100	0.00	0.625	77.6	100.0	0/8	6/8
3	old	SubFam -n 20 -c	100	100	0.00	0.625	77.6	99.8	0/8	6/8
3	old	SubFam -m -n 20	100	100	0.00	0.535	77.5	98.9	0/8	5/8
3	old	VSEARCH 0.95	2000	0	1.00	1.000	nan	nan	0/8	0/8
3	old	VSEARCH 0.90	2000	0	1.00	1.000	nan	nan	0/8	0/8
3	old	VSEARCH 0.85	1974	0	0.98	0.998	nan	nan	0/8	0/8
3	old	VSEARCH 0.80	1732	2	0.79	0.978	84.7	99.5	0/8	3/8
3	old	VSEARCH 0.75	1007	22	0.35	0.917	77.8	99.5	0/8	7/8
3	old	VSEARCH 0.70	388	48	0.10	0.745	77.5	98.5	0/8	5/8
3	mixed	SubFam -n 50	40	40	0.00	0.824	99.5	100.0	4/8	6/8
3	mixed	SubFam -n 20	100	100	0.00	0.870	98.8	100.0	4/8	7/8
3	mixed	SubFam -n 20 -c	100	100	0.00	0.870	98.5	100.0	4/8	7/8
3	mixed	SubFam -m -n 20	100	100	0.00	0.842	97.5	100.0	4/8	7/8
3	mixed	VSEARCH 0.95	1898	1	0.92	1.000	100.0	100.0	2/8	2/8
3	mixed	VSEARCH 0.90	1421	16	0.64	1.000	100.0	100.0	4/8	4/8
3	mixed	VSEARCH 0.85	988	27	0.44	0.994	99.3	100.0	4/8	4/8
3	mixed	VSEARCH 0.80	762	14	0.34	0.951	99.8	100.0	4/8	4/8
3	mixed	VSEARCH 0.75	439	17	0.15	0.858	87.0	99.5	3/8	7/8
3	mixed	VSEARCH 0.70	171	20	0.05	0.684	80.2	99.5	2/8	5/8
3	heavytrunc	SubFam -n 50	40	40	0.00	0.565	87.5	98.8	2/8	5/8
3	heavytrunc	SubFam -n 20	100	100	0.00	0.671	88.3	99.1	3/8	6/8
3	heavytrunc	SubFam -n 20 -c	100	100	0.00	0.671	87.8	100.0	3/8	7/8
3	heavytrunc	SubFam -m -n 20	100	100	0.00	0.621	85.3	96.7	0/8	2/8
3	heavytrunc	VSEARCH 0.95	1998	0	1.00	1.000	nan	nan	0/8	0/8
3	heavytrunc	VSEARCH 0.90	1910	0	0.93	0.997	nan	nan	0/8	0/8
3	heavytrunc	VSEARCH 0.85	1578	7	0.70	0.967	95.7	100.0	0/8	2/8
3	heavytrunc	VSEARCH 0.80	860	35	0.30	0.893	93.3	99.1	0/8	4/8
3	heavytrunc	VSEARCH 0.75	289	50	0.06	0.757	89.3	98.6	0/8	3/8
3	heavytrunc	VSEARCH 0.70	92	36	0.01	0.600	84.2	98.1	0/8	3/8
4	young	SubFam -n 50	40	40	0.00	0.751	100.0	100.0	7/8	7/8
4	young	SubFam -n 20	100	100	0.00	0.822	99.7	100.0	8/8	8/8
4	young	SubFam -n 20 -c	100	100	0.00	0.822	99.7	100.0	8/8	8/8
4	young	SubFam -m -n 20	100	100	0.00	0.834	99.3	100.0	7/8	7/8
4	young	VSEARCH 0.95	1877	3	0.91	0.999	99.5	99.3	3/8	4/8
4	young	VSEARCH 0.90	1195	18	0.49	0.983	99.7	100.0	8/8	8/8
4	young	VSEARCH 0.85	415	33	0.11	0.944	99.1	100.0	7/8	8/8
4	young	VSEARCH 0.80	81	25	0.01	0.815	99.3	100.0	8/8	8/8
4	young	VSEARCH 0.75	13	11	0.00	0.632	98.3	98.5	5/8	5/8
4	young	VSEARCH 0.70	9	4	0.00	0.378	99.1	98.8	1/8	1/8
4	middle	SubFam -n 50	40	40	0.00	0.632	83.3	100.0	5/8	6/8
4	middle	SubFam -n 20	100	100	0.00	0.721	85.1	100.0	3/8	7/8
4	middle	SubFam -n 20 -c	100	100	0.00	0.721	85.6	100.0	3/8	7/8
4	middle	SubFam -m -n 20	100	100	0.00	0.628	83.8	98.6	1/8	7/8
4	middle	VSEARCH 0.95	2000	0	1.00	1.000	nan	nan	0/8	0/8
4	middle	VSEARCH 0.90	1984	0	0.99	1.000	nan	nan	0/8	0/8
4	middle	VSEARCH 0.85	1812	2	0.86	0.988	97.8	99.6	0/8	5/8
4	middle	VSEARCH 0.80	1295	14	0.51	0.941	94.5	99.8	0/8	8/8
4	middle	VSEARCH 0.75	490	49	0.12	0.844	88.9	99.5	1/8	7/8
4	middle	VSEARCH 0.70	104	41	0.01	0.591	84.7	99.1	0/8	7/8
4	old	SubFam -n 50	40	40	0.00	0.521	73.6	100.0	0/8	3/8
4	old	SubFam -n 20	100	100	0.00	0.598	74.0	99.5	0/8	6/8
4	old	SubFam -n 20 -c	100	100	0.00	0.598	74.0	99.2	0/8	6/8
4	old	SubFam -m -n 20	100	100	0.00	0.519	74.3	98.0	0/8	3/8
4	old	VSEARCH 0.95	2000	0	1.00	1.000	nan	nan	0/8	0/8
4	old	VSEARCH 0.90	2000	0	1.00	1.000	nan	nan	0/8	0/8
4	old	VSEARCH 0.85	1979	0	0.98	0.999	nan	nan	0/8	1/8
4	old	VSEARCH 0.80	1784	2	0.83	0.978	93.9	100.0	0/8	4/8
4	old	VSEARCH 0.75	1085	18	0.39	0.913	76.8	99.5	0/8	3/8
4	old	VSEARCH 0.70	383	64	0.09	0.748	74.9	98.9	0/8	5/8
4	mixed	SubFam -n 50	40	40	0.00	0.815	97.7	100.0	4/8	6/8
4	mixed	SubFam -n 20	100	100	0.00	0.872	98.0	100.0	4/8	7/8
4	mixed	SubFam -n 20 -c	100	100	0.00	0.872	98.0	100.0	4/8	7/8
4	mixed	SubFam -m -n 20	100	100	0.00	0.859	98.2	100.0	4/8	7/8
4	mixed	VSEARCH 0.95	1932	1	0.95	1.000	98.3	99.2	3/8	3/8
4	mixed	VSEARCH 0.90	1515	11	0.69	0.997	99.7	100.0	3/8	4/8
4	mixed	VSEARCH 0.85	1063	30	0.47	0.989	99.0	100.0	4/8	4/8
4	mixed	VSEARCH 0.80	805	18	0.36	0.967	98.6	99.4	4/8	4/8
4	mixed	VSEARCH 0.75	478	12	0.17	0.894	85.0	100.0	4/8	6/8
4	mixed	VSEARCH 0.70	161	24	0.03	0.662	76.1	99.5	1/8	3/8
4	heavytrunc	SubFam -n 50	40	40	0.00	0.545	83.6	98.9	3/8	4/8
4	heavytrunc	SubFam -n 20	100	100	0.00	0.604	84.9	99.1	1/8	7/8
4	heavytrunc	SubFam -n 20 -c	100	100	0.00	0.604	85.8	99.5	1/8	8/8
4	heavytrunc	SubFam -m -n 20	100	100	0.00	0.555	84.8	96.3	0/8	0/8
4	heavytrunc	VSEARCH 0.95	2000	0	1.00	1.000	nan	nan	0/8	0/8
4	heavytrunc	VSEARCH 0.90	1976	0	0.98	0.999	nan	nan	0/8	0/8
4	heavytrunc	VSEARCH 0.85	1713	3	0.79	0.970	97.0	98.3	0/8	2/8
4	heavytrunc	VSEARCH 0.80	1102	22	0.42	0.900	92.3	98.3	0/8	5/8
4	heavytrunc	VSEARCH 0.75	428	49	0.10	0.774	88.5	99.0	0/8	2/8
4	heavytrunc	VSEARCH 0.70	117	41	0.01	0.580	86.0	98.9	0/8	4/8
