B3_chr19_3114195_3114369	B2e
B2_Mm2_chr19_3204910_3205087	B2a
B3A_chr19_3248200_3248380	B2e
B2_Mm1a_chr19_3256559_3256750	B2a
B2_Mm2_chr19_3317779_3317977	B2a
B3A_chr19_3318062_3318234	B2e
B3A_chr19_3322175_3322346	B2e
B3_chr19_3350185_3350400	B2d
B3_chr19_3350425_3350625	B2d
B3_chr19_3359596_3359781	B2d
B2_Mm2_chr19_3366515_3366705	B2b
B3_chr19_3368948_3369154	B2d
B3A_chr19_3387411_3387591	B2d
B3_chr19_3392987_3393191	B2d
B3A_chr19_3397909_3398111	B2d
B3A_chr19_3400208_3400388	B2e
B2_Mm1a_chr19_3401430_3401615	B2a
B3_chr19_3408758_3408964	B2d
B3A_chr19_3418374_3418556	B2d
B2_Mm2_chr19_3441652_3441835	B2a
B3A_chr19_3460508_3460693	B2e
B3_chr19_3468214_3468418	B2e
B3_chr19_3476405_3476603	B2e
B3_chr19_3479831_3480043	B2d
B3A_chr19_3497077_3497281	B2e
B3_chr19_3511432_3511615	B2d
B3_chr19_3513203_3513391	B2e
B3_chr19_3520537_3520730	B2e
B3_chr19_3536024_3536207	B2e
B2_Mm1a_chr19_3541844_3542039	B2a
B2_Mm1t_chr19_3551016_3551207	B2b
B3_chr19_3555536_3555722	B2e
B3A_chr19_3555755_3555975	B2e
B3_chr19_3563621_3563792	B2d
B2_Mm1t_chr19_3567595_3567772	B2a
B3_chr19_3568676_3568882	B2d
B2_Mm2_chr19_3569219_3569414	B2a
B3_chr19_3580522_3580702	B2c
B3_chr19_3588281_3588478	B2d
B2_Mm1t_chr19_3605538_3605711	B2a
B2_Mm2_chr19_3612566_3612752	B2a
B2_Mm1a_chr19_3616060_3616252	B2a
B2_Mm1a_chr19_3621821_3622013	B2a
B3_chr19_3644771_3644982	B2d
B3_chr19_3649484_3649666	B2e
B3A_chr19_3667032_3667232	B2d
B3_chr19_3669116_3669289	B2c
B3A_chr19_3669713_3669894	B2e
B3A_chr19_3671666_3671839	B2d
B2_Mm1t_chr19_3683503_3683691	B2a
B2_Mm2_chr19_3683865_3684051	B2b
B3_chr19_3687811_3688006	B2d
B2_Mm1t_chr19_3696615_3696804	B2a
B3A_chr19_3701337_3701511	B2d
B3_chr19_3720339_3720512	B2c
B3A_chr19_3722194_3722384	B2e
B3A_chr19_3723250_3723442	B2d
B3A_chr19_3724997_3725169	B2e
B3_chr19_3725986_3726168	B2d
B3_chr19_3726180_3726360	B2c
B3_chr19_3728108_3728324	B2d
B3_chr19_3736946_3737137	B2e
B3_chr19_3740540_3740729	B2e
B3A_chr19_3746363_3746546	B2c
B2_Mm1a_chr19_3756097_3756287	B2a
B3_chr19_3760356_3760537	B2d
B3A_chr19_3763054_3763242	B2e
B3A_chr19_3772692_3772885	B2a
B2_Mm2_chr19_3774899_3775088	B2b
B3_chr19_3776495_3776674	B2c
B2_Mm2_chr19_3779050_3779243	B2b
B3_chr19_3779270_3779446	B2c
B3_chr19_3783073_3783279	B2d
B3_chr19_3783731_3783919	B2e
B3A_chr19_3784894_3785072	B2d
B2_Mm2_chr19_3787912_3788088	B2b
B2_Mm1t_chr19_3799048_3799233	B2a
B3A_chr19_3799739_3799924	B2d
B3A_chr19_3807182_3807357	B2c
B2_Mm1a_chr19_3811876_3812069	B2a
B2_Mm1a_chr19_3819482_3819668	B2a
B2_Mm1a_chr19_3821210_3821403	B2a
B2_Mm2_chr19_3822561_3822741	B2a
B2_Mm1t_chr19_3822874_3823072	B2a
B3A_chr19_3824034_3824218	B2e
B2_Mm2_chr19_3825999_3826196	B2a
B3_chr19_3829926_3830142	B2d
B2_Mm1t_chr19_3832924_3833116	B2a
B3A_chr19_3834292_3834468	B2d
B2_Mm1a_chr19_3834818_3834993	B2a
B2_Mm2_chr19_3839789_3839972	B2b
B3_chr19_3845631_3845813	B2c
B3_chr19_3846798_3846972	B2c
B3A_chr19_3856617_3856807	B2d
B2_Mm1a_chr19_3879017_3879209	B2a
B2_Mm1t_chr19_3881012_3881188	B2a
B3_chr19_3884779_3884989	B2d
B2_Mm2_chr19_3889325_3889503	B2b
B2_Mm2_chr19_3891907_3892082	B2a
B3_chr19_3906805_3907012	B2d
B3_chr19_3915084_3915265	B2d
B3_chr19_3916105_3916283	B2c
B2_Mm1a_chr19_3917769_3917977	B2a
B2_Mm2_chr19_3918125_3918303	B2a
B2_Mm2_chr19_3928963_3929137	B2b
B3_chr19_3933305_3933513	B2d
B2_Mm2_chr19_3967665_3967841	B2a
B2_Mm2_chr19_3977294_3977485	B2b
B2_Mm2_chr19_3978512_3978702	B2a
B2_Mm2_chr19_3988824_3989013	B2a
B2_Mm1t_chr19_3995085_3995268	B2a
B3A_chr19_4000976_4001182	B2e
B3_chr19_4002665_4002845	B2c
B2_Mm1a_chr19_4003426_4003621	B2a
B2_Mm2_chr19_4010580_4010765	B2a
B3_chr19_4021680_4021873	B2d
B3_chr19_4031877_4032081	B2d
B2_Mm2_chr19_4039260_4039441	B2a
B3_chr19_4081874_4082045	B2c
B3A_chr19_4092794_4092984	B2e
B2_Mm1a_chr19_4093350_4093538	B2a
B2_Mm2_chr19_4098990_4099178	B2a
B2_Mm2_chr19_4099377_4099568	B2a
B3A_chr19_4101145_4101322	B2d
B2_Mm1t_chr19_4110325_4110508	B2a
B3A_chr19_4116395_4116578	B2e
B2_Mm2_chr19_4142289_4142463	B2a
B2_Mm2_chr19_4145348_4145530	B2a
B3_chr19_4157129_4157334	B2d
B3_chr19_4159290_4159496	B2d
B3_chr19_4218415_4218632	B2d
B2_Mm1t_chr19_4259709_4259899	B2a
B2_Mm1t_chr19_4288418_4288610	B2a
B2_Mm2_chr19_4293481_4293671	B2a
B2_Mm2_chr19_4296480_4296660	B2b
B3A_chr19_4296660_4296848	B2e
B3_chr19_4296995_4297206	B2d
B3_chr19_4299326_4299518	B2d
B2_Mm2_chr19_4301466_4301649	B2a
B3_chr19_4305676_4305878	B2d
B3_chr19_4306620_4306807	B2d
B2_Mm1a_chr19_4309020_4309208	B2a
B2_Mm1t_chr19_4309321_4309512	B2a
B3_chr19_4317149_4317325	B2c
B2_Mm2_chr19_4323805_4323986	B2a
B2_Mm2_chr19_4325488_4325689	B2b
B3_chr19_4326789_4326992	B2d
B3_chr19_4329585_4329783	B2d
B3A_chr19_4364225_4364430	B2d
B3_chr19_4364440_4364635	B2d
B3A_chr19_4388370_4388565	B2e
B3A_chr19_4391165_4391363	B2d
B3_chr19_4394827_4395026	B2c
B2_Mm2_chr19_4399827_4400016	B2a
B2_Mm2_chr19_4400855_4401051	B2a
B2_Mm1a_chr19_4408344_4408536	B2a
B3A_chr19_4409621_4409791	B2c
B3_chr19_4410321_4410502	B2c
B3_chr19_4417039_4417235	B2d
B3_chr19_4419103_4419276	B2d
B3_chr19_4421294_4421488	B2d
B2_Mm2_chr19_4424546_4424727	B2a
B3_chr19_4426842_4427032	B2d
B2_Mm2_chr19_4428910_4429097	B2a
B2_Mm2_chr19_4431504_4431695	B2a
B3A_chr19_4431737_4431925	B2d
B2_Mm1a_chr19_4433808_4434000	B2a
B3_chr19_4434423_4434612	B2e
B2_Mm1t_chr19_4435299_4435488	B2a
B2_Mm2_chr19_4436259_4436464	B2b
B2_Mm1a_chr19_4438424_4438632	B2a
B3_chr19_4443614_4443814	B2d
B3_chr19_4471097_4471297	B2d
B2_Mm1a_chr19_4478417_4478607	B2a
B2_Mm1a_chr19_4483403_4483593	B2a
B2_Mm1t_chr19_4484998_4485168	B2a
B2_Mm2_chr19_4487072_4487246	B2a
B3_chr19_4490142_4490331	B2e
B3_chr19_4493495_4493712	B2d
B3_chr19_4494416_4494607	B2e
B3A_chr19_4498374_4498564	B2e
B2_Mm2_chr19_4498573_4498777	B2a
B3_chr19_4498991_4499194	B2d
B3_chr19_4509603_4509807	B2d
B3_chr19_4518508_4518687	B2d
B2_Mm1a_chr19_4528580_4528772	B2a
B3_chr19_4538452_4538629	B2c
B2_Mm1t_chr19_4545625_4545799	B2a
B3_chr19_4551635_4551831	B2d
B3A_chr19_4568766_4568964	B2e
B2_Mm1a_chr19_4572732_4572928	B2a
B3_chr19_4590379_4590587	B2d
B3_chr19_4593329_4593542	B2d
B3_chr19_4629848_4630055	B2d
B3_chr19_4632916_4633129	B2d
B3_chr19_4655130_4655306	B2e
B2_Mm2_chr19_4681838_4682027	B2a
B3_chr19_4684405_4684622	B2d
B3A_chr19_4687828_4688011	B2c
B2_Mm1a_chr19_4689430_4689614	B2a
B3_chr19_4694404_4694614	B2e
B3A_chr19_4697601_4697795	B2e
B3_chr19_4703215_4703418	B2e
B2_Mm1t_chr19_4709686_4709862	B2a
B3_chr19_4736445_4736623	B2c
B3_chr19_4757169_4757376	B2d
B3_chr19_4816731_4816947	B2e
B2_Mm1a_chr19_4819136_4819324	B2a
B3A_chr19_4819573_4819757	B2d
B3_chr19_4825170_4825393	B2d
B3_chr19_4827028_4827233	B2d
B3_chr19_4839207_4839396	B2d
B2_Mm1t_chr19_4862686_4862869	B2a
B3_chr19_4864831_4865017	B2e
B2_Mm2_chr19_4865993_4866184	B2a
B2_Mm1a_chr19_4870989_4871173	B2a
B3_chr19_4871700_4871891	B2d
B3A_chr19_4881078_4881288	B2e
B2_Mm1a_chr19_4885190_4885365	B2a
B3A_chr19_4885600_4885791	B2e
B3_chr19_4896498_4896692	B2c
B2_Mm1a_chr19_4923847_4924047	B2a
B3_chr19_4936376_4936569	B2d
B3_chr19_4948635_4948815	B2d
B2_Mm1t_chr19_4951936_4952112	B2a
B3A_chr19_4969317_4969503	B2e
B2_Mm1t_chr19_4969541_4969727	B2a
B3_chr19_4983530_4983742	B2d
B3_chr19_4985536_4985740	B2d
B3A_chr19_5002710_5002897	B2d
B2_Mm2_chr19_5005172_5005347	B2a
B3_chr19_5007490_5007672	B2d
B3_chr19_5015353_5015557	B2d
B2_Mm2_chr19_5016259_5016437	B2b
B2_Mm1t_chr19_5017202_5017385	B2a
B2_Mm2_chr19_5018375_5018554	B2b
B2_Mm1a_chr19_5019733_5019925	B2a
B3_chr19_5019926_5020113	B2e
B3A_chr19_5025322_5025544	B2e
B3_chr19_5057696_5057882	B2e
B3_chr19_5058144_5058314	B2d
B3_chr19_5064448_5064663	B2d
B2_Mm1a_chr19_5065058_5065244	B2a
B3A_chr19_5067502_5067689	B2d
B2_Mm2_chr19_5070204_5070396	B2a
B2_Mm1t_chr19_5070404_5070581	B2a
B3_chr19_5082177_5082354	B2d
B2_Mm1t_chr19_5083481_5083668	B2a
B3_chr19_5094762_5094939	B2e
B2_Mm2_chr19_5113589_5113780	B2a
B3_chr19_5116432_5116644	B2d
B2_Mm1a_chr19_5127905_5128094	B2a
B3_chr19_5136260_5136461	B2d
B3_chr19_5169585_5169792	B2d
B3_chr19_5173493_5173674	B2e
B2_Mm2_chr19_5175623_5175814	B2a
B2_Mm1t_chr19_5176622_5176798	B2a
B2_Mm2_chr19_5199570_5199765	B2a
B3A_chr19_5206706_5206890	B2e
B2_Mm2_chr19_5212826_5213003	B2a
B2_Mm1t_chr19_5214030_5214207	B2a
B3_chr19_5214513_5214717	B2d
B3_chr19_5215920_5216112	B2d
B2_Mm2_chr19_5221125_5221308	B2a
B2_Mm2_chr19_5223679_5223871	B2b
B3A_chr19_5229559_5229742	B2e
B3_chr19_5229760_5229932	B2d
B2_Mm1t_chr19_5230767_5230940	B2a
B2_Mm2_chr19_5232215_5232396	B2b
B2_Mm2_chr19_5237004_5237177	B2a
B3A_chr19_5242044_5242235	B2e
B3A_chr19_5243335_5243509	B2e
B3A_chr19_5243719_5243898	B2c
B2_Mm1t_chr19_5244548_5244729	B2a
B3A_chr19_5245566_5245751	B2d
B3_chr19_5249460_5249665	B2d
B3_chr19_5262640_5262825	B2c
B3_chr19_5273908_5274108	B2d
B2_Mm1t_chr19_5276092_5276277	B2a
B3_chr19_5277156_5277330	B2d
B2_Mm1a_chr19_5292728_5292908	B2a
B2_Mm2_chr19_5292984_5293161	B2a
B3_chr19_5295436_5295626	B2d
B2_Mm2_chr19_5299315_5299500	B2a
B3_chr19_5334997_5335198	B2d
B3A_chr19_5338647_5338856	B2e
B3A_chr19_5340422_5340609	B2d
B2_Mm2_chr19_5340948_5341130	B2a
B3_chr19_5351194_5351391	B2d
B2_Mm2_chr19_5353515_5353694	B2a
B3_chr19_5355513_5355688	B2c
B2_Mm1t_chr19_5359334_5359522	B2a
B2_Mm1t_chr19_5375437_5375628	B2a
B2_Mm2_chr19_5376235_5376426	B2a
B3_chr19_5381195_5381375	B2e
B3_chr19_5382331_5382539	B2d
B2_Mm1t_chr19_5382724_5382899	B2a
B3A_chr19_5395106_5395307	B2d
B2_Mm1a_chr19_5410621_5410814	B2a
B3A_chr19_5423431_5423621	B2e
B2_Mm1a_chr19_5436210_5436403	B2a
B2_Mm1t_chr19_5446905_5447097	B2a
B2_Mm2_chr19_5447716_5447910	B2a
B2_Mm1a_chr19_5451349_5451534	B2a
B2_Mm2_chr19_5453601_5453791	B2a
B2_Mm2_chr19_5467176_5467375	B2a
B3_chr19_5467378_5467583	B2d
B3_chr19_5470403_5470585	B2e
B3_chr19_5478191_5478400	B2d
B2_Mm1t_chr19_5478753_5478940	B2a
B3A_chr19_5485778_5485950	B2c
B3_chr19_5490639_5490856	B2d
B3A_chr19_5495572_5495775	B2b
B2_Mm2_chr19_5502293_5502467	B2b
B2_Mm2_chr19_5502699_5502885	B2a
B3A_chr19_5510131_5510312	B2e
B2_Mm2_chr19_5523033_5523228	B2a
B2_Mm1a_chr19_5545034_5545243	B2a
B3_chr19_5551492_5551673	B2d
B2_Mm2_chr19_5558971_5559148	B2a
B2_Mm2_chr19_5569801_5569979	B2a
B2_Mm1t_chr19_5570201_5570388	B2a
B3_chr19_5572420_5572626	B2d
B3_chr19_5576575_5576763	B2d
B2_Mm2_chr19_5576992_5577168	B2a
B2_Mm1t_chr19_5581898_5582087	B2a
B2_Mm1a_chr19_5624184_5624376	B2a
B2_Mm1a_chr19_5640527_5640702	B2a
B3_chr19_5640831_5641047	B2d
B2_Mm1a_chr19_5641399_5641591	B2a
B3_chr19_5644913_5645090	B2c
B2_Mm2_chr19_5666615_5666800	B2a
B2_Mm2_chr19_5681349_5681549	B2a
B2_Mm2_chr19_5707092_5707273	B2a
B2_Mm2_chr19_5726613_5726812	B2a
B3_chr19_5748826_5749033	B2d
B2_Mm2_chr19_5759648_5759835	B2a
B3A_chr19_5762639_5762827	B2e
B2_Mm2_chr19_5782874_5783046	B2a
B2_Mm1a_chr19_5783441_5783632	B2a
B3_chr19_5783634_5783831	B2d
B3_chr19_5787566_5787751	B2d
B3_chr19_5788185_5788370	B2d
B2_Mm1a_chr19_5812727_5812915	B2a
B2_Mm2_chr19_5821817_5821991	B2a
B2_Mm2_chr19_5824033_5824220	B2a
B2_Mm2_chr19_5826490_5826672	B2a
B2_Mm1a_chr19_5827192_5827386	B2a
B3A_chr19_5830326_5830518	B2e
B2_Mm2_chr19_5833587_5833769	B2a
B2_Mm1t_chr19_5836175_5836361	B2a
B3_chr19_5837186_5837394	B2d
B3_chr19_5839511_5839704	B2d
B3_chr19_5841294_5841488	B2d
B3A_chr19_5864966_5865147	B2c
B2_Mm2_chr19_5900776_5900963	B2a
B3_chr19_5903332_5903531	B2d
B3A_chr19_5908746_5908916	B2e
B3_chr19_5917220_5917393	B2c
B2_Mm2_chr19_5931775_5931967	B2a
B3_chr19_5933206_5933427	B2d
B3_chr19_5935969_5936162	B2e
B2_Mm2_chr19_5939995_5940179	B2a
B2_Mm2_chr19_5946396_5946570	B2b
B2_Mm1t_chr19_5949155_5949328	B2a
B2_Mm1t_chr19_5950566_5950756	B2a
B2_Mm1a_chr19_5959326_5959517	B2a
B3_chr19_5966153_5966357	B2d
B2_Mm1t_chr19_5981210_5981396	B2a
B3_chr19_5986515_5986703	B2b
B2_Mm2_chr19_5997291_5997478	B2a
B3_chr19_5999071_5999262	B2c
B2_Mm2_chr19_6009517_6009688	B2a
B2_Mm2_chr19_6009886_6010065	B2a
B2_Mm2_chr19_6010324_6010506	B2a
B2_Mm1t_chr19_6012188_6012365	B2a
B3_chr19_6014905_6015096	B2d
B3_chr19_6016064_6016260	B2e
B2_Mm2_chr19_6028559_6028740	B2a
B3_chr19_6029325_6029528	B2d
B2_Mm1a_chr19_6029562_6029733	B2a
B3_chr19_6042689_6042860	B2e
B3A_chr19_6048363_6048541	B2e
B3_chr19_6050564_6050748	B2d
B3_chr19_6052295_6052483	B2d
B3A_chr19_6060079_6060250	B2e
B3_chr19_6060653_6060828	B2c
B3A_chr19_6066696_6066885	B2d
B2_Mm2_chr19_6110276_6110456	B2a
B2_Mm1a_chr19_6143625_6143812	B2a
B2_Mm2_chr19_6146761_6146950	B2b
B3_chr19_6146970_6147165	B2e
B3_chr19_6153864_6154070	B2d
B3A_chr19_6175969_6176160	B2d
B3_chr19_6176395_6176610	B2d
B2_Mm2_chr19_6179220_6179432	B2a
B2_Mm2_chr19_6188177_6188359	B2b
B2_Mm2_chr19_6192203_6192377	B2a
B2_Mm1t_chr19_6198247_6198443	B2a
B3_chr19_6207661_6207859	B2d
B3_chr19_6213430_6213645	B2d
B3A_chr19_6215670_6215859	B2e
B2_Mm2_chr19_6216666_6216849	B2b
B3_chr19_6216867_6217087	B2d
B2_Mm2_chr19_6224325_6224500	B2a
B2_Mm2_chr19_6228709_6228903	B2a
B2_Mm2_chr19_6231043_6231229	B2a
B3_chr19_6235412_6235626	B2d
B3_chr19_6246116_6246298	B2d
B3A_chr19_6248019_6248197	B2d
B3_chr19_6249282_6249464	B2c
B3_chr19_6258496_6258689	B2d
B2_Mm2_chr19_6261223_6261402	B2a
B2_Mm2_chr19_6288323_6288496	B2a
B2_Mm2_chr19_6295755_6295966	B2a
B2_Mm1a_chr19_6316048_6316239	B2a
B3_chr19_6319416_6319613	B2d
B3_chr19_6339108_6339297	B2d
B3_chr19_6351850_6352046	B2d
B3_chr19_6379709_6379911	B2d
B3_chr19_6384216_6384423	B2d
B2_Mm1t_chr19_6406738_6406930	B2a
B3_chr19_6407902_6408095	B2d
B3_chr19_6408135_6408305	B2c
B3A_chr19_6408650_6408827	B2c
B3A_chr19_6430981_6431153	B2d
B2_Mm2_chr19_6431725_6431904	B2a
B3_chr19_6443122_6443332	B2d
B3_chr19_6444368_6444538	B2c
B3A_chr19_6444577_6444768	B2e
B2_Mm2_chr19_6457628_6457804	B2a
B3_chr19_6482362_6482557	B2d
B2_Mm1t_chr19_6484545_6484738	B2a
B3_chr19_6487388_6487562	B2e
B3_chr19_6491112_6491300	B2d
B3A_chr19_6602816_6602991	B2d
B3_chr19_6603606_6603807	B2d
B3_chr19_6616146_6616352	B2d
B2_Mm2_chr19_6629587_6629775	B2a
B3A_chr19_6699389_6699573	B2e
B3A_chr19_6704654_6704848	B2e
B2_Mm1a_chr19_6707894_6708083	B2a
B3_chr19_6709399_6709607	B2d
B3_chr19_6728973_6729175	B2d
B2_Mm1a_chr19_6729876_6730054	B2a
B3_chr19_6734102_6734312	B2d
B3_chr19_6738994_6739181	B2e
B3_chr19_6803109_6803313	B2d
B3_chr19_6805160_6805371	B2d
B2_Mm1t_chr19_6811546_6811733	B2a
B2_Mm1t_chr19_6843194_6843378	B2a
B2_Mm1t_chr19_6844222_6844394	B2a
B2_Mm1t_chr19_6846102_6846285	B2a
B3_chr19_6850820_6851000	B2c
B3_chr19_6851756_6851951	B2d
B2_Mm1a_chr19_6867545_6867738	B2a
B2_Mm2_chr19_6868743_6868929	B2a
B2_Mm2_chr19_6868970_6869160	B2a
B3_chr19_6869430_6869653	B2d
B3_chr19_6907968_6908160	B2d
B2_Mm1t_chr19_6913939_6914128	B2a
B2_Mm1a_chr19_6921711_6921894	B2a
B2_Mm2_chr19_6922257_6922431	B2a
B3_chr19_6950336_6950557	B2d
B3_chr19_6960330_6960513	B2c
B3_chr19_6961355_6961553	B2e
B2_Mm2_chr19_6967743_6967917	B2a
B3_chr19_6974541_6974740	B2e
B3_chr19_6977915_6978095	B2d
B2_Mm2_chr19_6983162_6983355	B2a
B2_Mm1a_chr19_6985505_6985696	B2a
B2_Mm1t_chr19_6986603_6986794	B2a
B2_Mm1a_chr19_6987569_6987740	B2a
B2_Mm2_chr19_6988422_6988621	B2a
B2_Mm1a_chr19_6988655_6988844	B2a
B3_chr19_6990344_6990562	B2d
B2_Mm2_chr19_7000168_7000349	B2a
B3_chr19_7008546_7008737	B2d
B3_chr19_7012233_7012433	B2d
B2_Mm2_chr19_7021171_7021351	B2a
B3_chr19_7023897_7024086	B2e
B3_chr19_7032636_7032835	B2e
B3_chr19_7038073_7038261	B2d
B3A_chr19_7104291_7104470	B2d
B2_Mm1a_chr19_7185686_7185879	B2a
B2_Mm1a_chr19_7188390_7188582	B2a
B3_chr19_7195278_7195477	B2d
B2_Mm2_chr19_7224539_7224726	B2a
B2_Mm1t_chr19_7226292_7226468	B2a
B2_Mm1a_chr19_7228122_7228309	B2a
B3_chr19_7228321_7228502	B2d
B2_Mm2_chr19_7229613_7229805	B2a
B3_chr19_7230311_7230502	B2d
B2_Mm2_chr19_7234803_7234993	B2a
B2_Mm2_chr19_7239431_7239614	B2b
B3A_chr19_7270173_7270351	B2d
B3_chr19_7299246_7299454	B2d
B3A_chr19_7301009_7301210	B2e
B3A_chr19_7302564_7302737	B2e
B3_chr19_7320250_7320452	B2d
B2_Mm2_chr19_7322254_7322443	B2a
B2_Mm1t_chr19_7331400_7331607	B2a
B3_chr19_7331641_7331852	B2d
B2_Mm2_chr19_7332853_7333027	B2a
B2_Mm2_chr19_7336511_7336705	B2a
B2_Mm2_chr19_7339011_7339196	B2a
B3_chr19_7365250_7365451	B2d
B3_chr19_7368241_7368425	B2d
B3_chr19_7379513_7379734	B2d
B3_chr19_7385743_7385937	B2d
B3_chr19_7387987_7388200	B2d
B3_chr19_7390471_7390660	B2e
B2_Mm2_chr19_7392627_7392825	B2a
B2_Mm2_chr19_7413339_7413526	B2a
B3_chr19_7413546_7413738	B2d
B2_Mm2_chr19_7417615_7417790	B2a
B3_chr19_7422165_7422360	B2d
B2_Mm2_chr19_7426742_7426924	B2a
B2_Mm1t_chr19_7430329_7430505	B2a
B2_Mm1a_chr19_7431372_7431553	B2a
B2_Mm2_chr19_7442485_7442667	B2a
B3_chr19_7443480_7443665	B2e
B3A_chr19_7444558_7444759	B2d
B2_Mm1a_chr19_7454058_7454251	B2a
B2_Mm2_chr19_7454660_7454847	B2b
B3_chr19_7455322_7455532	B2d
B2_Mm1a_chr19_7458363_7458554	B2a
B2_Mm1a_chr19_7476078_7476265	B2a
B3_chr19_7476981_7477191	B2d
B2_Mm2_chr19_7485518_7485706	B2a
B2_Mm1t_chr19_7489585_7489755	B2a
B3_chr19_7492285_7492517	B2d
B3_chr19_7495312_7495485	B2e
B2_Mm1a_chr19_7497337_7497508	B2a
B3A_chr19_7508626_7508807	B2a
B3_chr19_7534070_7534265	B2d
B3_chr19_7537086_7537296	B2d
B3_chr19_7540464_7540658	B2d
B3_chr19_7551848_7552049	B2d
B3_chr19_7565095_7565297	B2e
B2_Mm2_chr19_7569845_7570033	B2a
B3A_chr19_7572534_7572734	B2d
B3_chr19_7595516_7595718	B2d
B3_chr19_7942950_7943154	B2d
B2_Mm1t_chr19_8015746_8015939	B2a
B3A_chr19_8052457_8052684	B2d
B2_Mm1a_chr19_8289470_8289662	B2a
B2_Mm2_chr19_8402440_8402613	B2b
B2_Mm2_chr19_8455197_8455372	B2a
B3_chr19_8467900_8468072	B2c
B2_Mm2_chr19_8504954_8505149	B2b
B3_chr19_8513493_8513707	B2d
B3_chr19_8542725_8542921	B2e
B3A_chr19_8544295_8544495	B2e
B3_chr19_8552651_8552828	B2d
B2_Mm2_chr19_8560739_8560927	B2a
B2_Mm2_chr19_8575963_8576144	B2a
B3_chr19_8611222_8611400	B2d
B3A_chr19_8616544_8616736	B2e
B3_chr19_8622307_8622508	B2d
B3A_chr19_8627665_8627863	B2e
B3_chr19_8645617_8645833	B2d
B2_Mm2_chr19_8649275_8649469	B2a
B2_Mm1t_chr19_8653828_8654019	B2a
B3_chr19_8654736_8654944	B2d
B2_Mm2_chr19_8663289_8663486	B2a
B2_Mm1t_chr19_8665582_8665766	B2a
B3A_chr19_8665798_8665989	B2e
B3_chr19_8666275_8666461	B2c
B2_Mm2_chr19_8667636_8667817	B2a
B2_Mm2_chr19_8674797_8674989	B2a
B2_Mm1t_chr19_8678416_8678608	B2a
B2_Mm2_chr19_8679347_8679530	B2a
B3_chr19_8684010_8684217	B2d
B2_Mm2_chr19_8692063_8692244	B2a
B2_Mm1a_chr19_8693114_8693287	B2a
B2_Mm1a_chr19_8694052_8694253	B2a
B3_chr19_8695059_8695264	B2d
B2_Mm2_chr19_8696532_8696711	B2a
B3A_chr19_8698761_8698962	B2d
B2_Mm2_chr19_8706016_8706186	B2a
B2_Mm2_chr19_8706563_8706741	B2a
B3_chr19_8712510_8712713	B2d
B3_chr19_8723862_8724039	B2c
B2_Mm1t_chr19_8725072_8725243	B2a
B2_Mm2_chr19_8731162_8731332	B2a
B2_Mm1t_chr19_8756809_8756993	B2a
B3_chr19_8757950_8758164	B2d
B2_Mm1a_chr19_8763992_8764182	B2a
B2_Mm2_chr19_8768197_8768381	B2a
B3_chr19_8772045_8772271	B2d
B2_Mm1a_chr19_8773043_8773230	B2a
B3A_chr19_8773790_8773999	B2d
B3_chr19_8776332_8776548	B2d
B3_chr19_8776548_8776744	B2d
B3_chr19_8783151_8783324	B2d
B2_Mm1a_chr19_8783762_8783951	B2a
B3_chr19_8791979_8792154	B2d
B3_chr19_8794115_8794310	B2d
B3_chr19_8805590_8805784	B2d
B2_Mm2_chr19_8812170_8812350	B2a
B3_chr19_8819738_8819918	B2c
B2_Mm2_chr19_8822882_8823056	B2a
B3_chr19_8826127_8826329	B2d
B2_Mm1a_chr19_8827138_8827319	B2a
B2_Mm2_chr19_8839816_8840006	B2a
B2_Mm2_chr19_8840287_8840465	B2a
B2_Mm1a_chr19_8840985_8841169	B2a
B2_Mm1a_chr19_8842631_8842810	B2a
B2_Mm1t_chr19_8853272_8853449	B2a
B2_Mm2_chr19_8858883_8859064	B2a
B3_chr19_8860129_8860313	B2e
B3_chr19_8864082_8864260	B2d
B3_chr19_8869262_8869478	B2e
B3_chr19_8880097_8880319	B2d
B2_Mm2_chr19_8887211_8887427	B2b
B3_chr19_8939160_8939360	B2d
B3_chr19_8948194_8948392	B2d
B2_Mm2_chr19_8949111_8949298	B2a
B3_chr19_8949492_8949691	B2d
B3A_chr19_8956160_8956337	B2d
B3A_chr19_8973829_8974002	B2d
B3A_chr19_8974034_8974223	B2d
B3A_chr19_9006574_9006774	B2d
B3_chr19_9027042_9027226	B2e
B3A_chr19_9033782_9033967	B2c
B3_chr19_9085346_9085533	B2e
B3_chr19_9099261_9099470	B2d
B3_chr19_9106741_9106952	B2d
B3_chr19_9318156_9318360	B2d
B2_Mm2_chr19_9444574_9444757	B2a
B2_Mm1t_chr19_9816234_9816419	B2a
B2_Mm2_chr19_9870074_9870251	B2b
B2_Mm1t_chr19_9883421_9883609	B2a
B2_Mm2_chr19_9884928_9885106	B2b
B2_Mm2_chr19_9889818_9890007	B2a
B3_chr19_9890214_9890429	B2d
B3_chr19_9894249_9894449	B2e
B3_chr19_9903125_9903305	B2c
B3_chr19_9906093_9906293	B2e
B3_chr19_9921439_9921656	B2d
B2_Mm1t_chr19_9951123_9951308	B2a
B2_Mm1a_chr19_9997775_9997968	B2a
B2_Mm2_chr19_10006185_10006377	B2a
B3A_chr19_10022151_10022361	B2d
B3_chr19_10025292_10025510	B2d
B3_chr19_10029262_10029484	B2d
B3_chr19_10044846_10045045	B2d
B3A_chr19_10055116_10055302	B2d
B3_chr19_10058390_10058592	B2e
B2_Mm1t_chr19_10070010_10070185	B2a
B3_chr19_10070947_10071155	B2d
B3A_chr19_10081162_10081361	B2e
B3A_chr19_10111287_10111472	B2d
B3_chr19_10113173_10113345	B2d
B3_chr19_10118637_10118857	B2d
B2_Mm1t_chr19_10120001_10120195	B2a
B2_Mm1a_chr19_10135666_10135855	B2a
B3_chr19_10150721_10150930	B2d
B2_Mm1a_chr19_10157621_10157822	B2a
B3_chr19_10168214_10168415	B2d
B2_Mm1a_chr19_10179811_10180003	B2a
B2_Mm2_chr19_10201237_10201430	B2a
B2_Mm1a_chr19_10231383_10231574	B2a
B2_Mm1a_chr19_10243311_10243503	B2a
B3_chr19_10294052_10294226	B2c
B3A_chr19_10298676_10298864	B2d
B3A_chr19_10326484_10326709	B2d
B3_chr19_10327274_10327463	B2d
B3_chr19_10385110_10385302	B2c
B2_Mm2_chr19_10482760_10482948	B2a
B2_Mm1t_chr19_10489768_10489960	B2a
B3_chr19_10491814_10491996	B2c
B2_Mm1a_chr19_10505749_10505932	B2a
B3_chr19_10507548_10507760	B2d
B2_Mm2_chr19_10517261_10517456	B2a
B3_chr19_10528446_10528629	B2c
B3_chr19_10529517_10529712	B2d
B2_Mm2_chr19_10534625_10534814	B2a
B2_Mm2_chr19_10535857_10536038	B2a
B3_chr19_10551516_10551710	B2d
B2_Mm1t_chr19_10562921_10563110	B2a
B2_Mm1a_chr19_10563130_10563316	B2a
B3A_chr19_10607625_10607848	B2b
B2_Mm2_chr19_10613662_10613853	B2a
B2_Mm1a_chr19_10616350_10616546	B2a
B3_chr19_10627038_10627241	B2d
B2_Mm2_chr19_10627350_10627531	B2a
B3_chr19_10644509_10644713	B2d
B2_Mm2_chr19_10660246_10660423	B2a
B3A_chr19_10663645_10663834	B2e
B3A_chr19_10686295_10686467	B2d
B2_Mm1a_chr19_10779626_10779819	B2a
B3_chr19_10785132_10785317	B2c
B3_chr19_10790880_10791075	B2d
B2_Mm2_chr19_10816194_10816391	B2a
B3_chr19_10818425_10818625	B2c
B2_Mm2_chr19_10843193_10843382	B2a
B2_Mm2_chr19_10861780_10861965	B2a
B2_Mm1t_chr19_10864958_10865144	B2a
B3_chr19_10875421_10875609	B2d
B2_Mm2_chr19_10902763_10902935	B2a
B3A_chr19_10906258_10906463	B2e
B3A_chr19_10916804_10917003	B2e
B2_Mm1t_chr19_10937866_10938053	B2a
B3_chr19_10976249_10976432	B2e
B2_Mm1a_chr19_10992059_10992250	B2a
B3_chr19_11021575_11021791	B2d
B3_chr19_11076651_11076848	B2d
B3_chr19_11083592_11083795	B2d
B2_Mm1a_chr19_11110263_11110450	B2a
B3_chr19_11161585_11161797	B2d
B3_chr19_11163530_11163730	B2e
B3_chr19_11194235_11194405	B2d
B3_chr19_11212071_11212272	B2d
B3A_chr19_11261883_11262067	B2d
B3_chr19_11286429_11286634	B2d
B2_Mm2_chr19_11340031_11340226	B2a
B3_chr19_11404866_11405064	B2d
B3A_chr19_11441701_11441907	B2d
B3_chr19_11459737_11459955	B2d
B3_chr19_11476737_11476937	B2d
B3_chr19_11482632_11482835	B2d
B3_chr19_11490190_11490390	B2d
B3_chr19_11507762_11507972	B2d
B3A_chr19_11598811_11598988	B2d
B3A_chr19_11628359_11628546	B2e
B3_chr19_11780414_11780631	B2d
B3A_chr19_11812024_11812227	B2d
B3_chr19_11841559_11841764	B2d
B2_Mm2_chr19_11866555_11866745	B2a
B3_chr19_11875428_11875640	B2d
B3_chr19_11877687_11877891	B2d
B3A_chr19_11882817_11882992	B2d
B3_chr19_11884768_11884938	B2d
B2_Mm2_chr19_11926434_11926626	B2a
B3_chr19_11929025_11929238	B2d
B3A_chr19_11930332_11930511	B2d
B3A_chr19_11962894_11963091	B2e
B2_Mm2_chr19_11965388_11965580	B2a
B3_chr19_11995246_11995431	B2e
B3A_chr19_11997388_11997559	B2c
B2_Mm2_chr19_12001410_12001583	B2a
B2_Mm2_chr19_12009845_12010044	B2b
B3_chr19_12010654_12010853	B2d
B2_Mm1a_chr19_12010986_12011173	B2a
B3A_chr19_12026407_12026587	B2d
B3_chr19_12034961_12035133	B2c
B3A_chr19_12056657_12056830	B2e
B2_Mm1t_chr19_12083410_12083597	B2a
B3_chr19_12090320_12090536	B2d
B3_chr19_12104879_12105066	B2d
B2_Mm2_chr19_12172533_12172710	B2a
B3_chr19_12314326_12314530	B2d
B3A_chr19_12377482_12377673	B2e
B3A_chr19_12392311_12392491	B2e
B2_Mm2_chr19_12399106_12399294	B2b
B2_Mm2_chr19_12403993_12404177	B2b
B3_chr19_12420705_12420910	B2e
B3A_chr19_12516425_12516606	B2d
B2_Mm1t_chr19_12532032_12532221	B2a
B3_chr19_12568021_12568236	B2d
B2_Mm2_chr19_12586927_12587119	B2a
B3_chr19_12625071_12625275	B2d
B2_Mm2_chr19_12654432_12654685	B2a
B2_Mm2_chr19_12671196_12671378	B2a
B3_chr19_12688940_12689148	B2d
B2_Mm2_chr19_12689200_12689386	B2a
B3A_chr19_12712598_12712778	B2d
B3_chr19_12727175_12727379	B2d
B2_Mm1a_chr19_12792299_12792491	B2a
B3_chr19_12793651_12793870	B2d
B2_Mm2_chr19_12795134_12795325	B2a
B3_chr19_13124083_13124259	B2c
B2_Mm1t_chr19_13130451_13130640	B2a
B3_chr19_13134342_13134552	B2d
B3_chr19_13166927_13167113	B2d
B3A_chr19_13348013_13348208	B2e
B3_chr19_13809966_13810160	B2e
B2_Mm2_chr19_13844200_13844391	B2a
B3_chr19_13859668_13859864	B2d
B3A_chr19_14003532_14003735	B2e
B3A_chr19_14103056_14103264	B2e
B3A_chr19_14133606_14133811	B2e
B3_chr19_14146342_14146524	B2c
B2_Mm2_chr19_14152594_14152770	B2a
B3_chr19_14158487_14158676	B2d
B3A_chr19_14214413_14214592	B2e
B3A_chr19_14228125_14228306	B2b
B3A_chr19_14290506_14290715	B2d
B3A_chr19_14363918_14364120	B2d
B3_chr19_14400952_14401169	B2d
B2_Mm1t_chr19_14408198_14408386	B2a
B3_chr19_14473036_14473238	B2d
B3_chr19_14487797_14488005	B2d
B3_chr19_14512692_14512906	B2d
B3A_chr19_14517394_14517582	B2e
B2_Mm2_chr19_14531794_14531964	B2b
B3A_chr19_14544965_14545162	B2d
B2_Mm1a_chr19_14546824_14547015	B2a
B3_chr19_14560827_14561030	B2d
B3A_chr19_14583372_14583566	B2e
B2_Mm2_chr19_14592696_14592879	B2a
B3_chr19_14632448_14632655	B2d
B2_Mm2_chr19_14638847_14639017	B2a
B2_Mm1t_chr19_14667483_14667669	B2a
B2_Mm1a_chr19_14679351_14679538	B2a
B3_chr19_14690341_14690551	B2d
B3_chr19_14698083_14698279	B2e
B3A_chr19_14785865_14786073	B2d
B3_chr19_14837889_14838063	B2e
B2_Mm1t_chr19_14870774_14870963	B2a
B3_chr19_14903031_14903208	B2d
B3A_chr19_14949662_14949852	B2e
B2_Mm1a_chr19_15010378_15010560	B2a
B2_Mm1t_chr19_15049545_15049719	B2a
B2_Mm2_chr19_15074727_15074905	B2a
B3A_chr19_15164566_15164754	B2d
B2_Mm2_chr19_15184067_15184254	B2a
B3_chr19_15210227_15210420	B2d
B3_chr19_15260610_15260818	B2d
B2_Mm1a_chr19_15347838_15348028	B2a
B3_chr19_15367838_15368036	B2d
B2_Mm2_chr19_15386658_15386853	B2e
B3A_chr19_15510963_15511145	B2d
B3_chr19_15718475_15718663	B2e
B3A_chr19_15745387_15745558	B2d
B3_chr19_15749459_15749669	B2d
B3_chr19_15859041_15859234	B2c
B2_Mm1a_chr19_15862330_15862507	B2a
B2_Mm2_chr19_15889893_15890073	B2a
B3_chr19_15892690_15892863	B2d
B3A_chr19_15895876_15896055	B2c
B2_Mm2_chr19_15896073_15896265	B2a
B3_chr19_15896595_15896790	B2d
B2_Mm2_chr19_15904834_15905024	B2a
B2_Mm1t_chr19_15907376_15907567	B2a
B2_Mm2_chr19_15910438_15910633	B2a
B2_Mm2_chr19_15914143_15914319	B2a
B2_Mm1t_chr19_15915738_15915926	B2a
B3_chr19_15916475_15916678	B2d
B2_Mm1a_chr19_15922648_15922841	B2a
B3_chr19_15931038_15931220	B2d
B3A_chr19_15952836_15953050	B2d
B3A_chr19_15963110_15963287	B2e
B3A_chr19_15963328_15963531	B2d
B3_chr19_15988755_15988965	B2d
B3A_chr19_16006234_16006418	B2e
B2_Mm1t_chr19_16012629_16012822	B2a
B3_chr19_16012829_16013006	B2d
B2_Mm1t_chr19_16016676_16016852	B2a
B3A_chr19_16030028_16030220	B2e
B3_chr19_16049638_16049850	B2d
B3_chr19_16054273_16054475	B2d
B2_Mm1a_chr19_16098321_16098510	B2a
B2_Mm1t_chr19_16101992_16102168	B2a
B3_chr19_16122668_16122874	B2d
B2_Mm1a_chr19_16135443_16135630	B2a
B2_Mm2_chr19_16137394_16137589	B2a
B3A_chr19_16155362_16155540	B2d
B3_chr19_16164214_16164412	B2d
B2_Mm2_chr19_16168781_16168956	B2a
B2_Mm2_chr19_16251778_16251965	B2a
B3_chr19_16280745_16280934	B2d
B3_chr19_16290701_16290890	B2d
B3_chr19_16301692_16301874	B2e
B3_chr19_16306479_16306664	B2d
B3_chr19_16318220_16318404	B2e
B3_chr19_16441050_16441253	B2d
B3_chr19_16460992_16461173	B2e
B3_chr19_16467104_16467308	B2d
B3_chr19_16469354_16469550	B2e
B3_chr19_16502497_16502680	B2d
B3A_chr19_16553137_16553327	B2e
B3A_chr19_16565795_16565977	B2d
B2_Mm2_chr19_16624612_16624796	B2a
B3_chr19_16629234_16629438	B2e
B3_chr19_16630707_16630891	B2d
B3A_chr19_16635333_16635540	B2d
B3_chr19_16647054_16647252	B2d
B3_chr19_16669333_16669533	B2e
B3_chr19_16679765_16679986	B2d
B3_chr19_16701627_16701818	B2e
B3_chr19_16702635_16702837	B2d
B3_chr19_16756656_16756858	B2d
B2_Mm2_chr19_16810022_16810207	B2a
B2_Mm2_chr19_16824579_16824763	B2a
B3_chr19_16896380_16896564	B2d
B3_chr19_16944663_16944880	B2d
B3_chr19_16972223_16972420	B2d
B3_chr19_17066782_17066978	B2d
B3_chr19_17105636_17105815	B2c
B3A_chr19_17111322_17111501	B2d
B2_Mm1t_chr19_17127162_17127354	B2a
B3A_chr19_17160249_17160425	B2c
B2_Mm2_chr19_17197679_17197878	B2a
B3A_chr19_17206464_17206680	B2e
B3_chr19_17257338_17257538	B2d
B3_chr19_17269542_17269742	B2d
B2_Mm2_chr19_17292176_17292350	B2a
B3_chr19_17292660_17292865	B2d
B3_chr19_17322911_17323122	B2d
B3_chr19_17343219_17343402	B2c
B3A_chr19_17368343_17368518	B2d
B2_Mm1t_chr19_17375215_17375406	B2a
B3_chr19_17381404_17381609	B2d
B3_chr19_17389353_17389571	B2d
B3_chr19_17420470_17420684	B2d
B3_chr19_17453819_17454010	B2e
B3_chr19_17545163_17545377	B2d
B3_chr19_17548788_17548972	B2e
B2_Mm2_chr19_17580167_17580352	B2a
B3_chr19_17583086_17583295	B2d
B3A_chr19_17627503_17627700	B2e
B3A_chr19_17634650_17634846	B2d
B3A_chr19_17640432_17640658	B2d
B3_chr19_17681013_17681212	B2d
B3_chr19_17705819_17705991	B2d
B3_chr19_17734786_17734988	B2d
B3A_chr19_17767224_17767406	B2e
B3A_chr19_17806396_17806586	B2e
B3A_chr19_17835199_17835395	B2e
B3A_chr19_17844722_17844938	B2d
B3_chr19_17845030_17845233	B2d
B3_chr19_17873576_17873805	B2d
B3A_chr19_17874006_17874210	B2d
B3_chr19_17934400_17934604	B2d
B3_chr19_18112739_18112928	B2d
B3A_chr19_18178513_18178700	B2d
B3A_chr19_18316803_18316990	B2c
B3_chr19_18318065_18318245	B2e
B3_chr19_18473364_18473541	B2d
B3A_chr19_18478078_18478262	B2d
B3_chr19_18478340_18478535	B2d
B2_Mm2_chr19_18512878_18513063	B2a
B3A_chr19_18581871_18582061	B2e
B2_Mm2_chr19_18582072_18582262	B2a
B2_Mm2_chr19_18621972_18622166	B2a
B2_Mm2_chr19_18637277_18637462	B2a
B2_Mm1t_chr19_18651697_18651882	B2a
B2_Mm2_chr19_18662050_18662244	B2a
B3A_chr19_18678811_18678987	B2e
B2_Mm2_chr19_18696771_18696941	B2b
B3A_chr19_18698752_18698950	B2c
B2_Mm2_chr19_18701366_18701559	B2a
B2_Mm1a_chr19_18702079_18702270	B2a
B3_chr19_18702695_18702883	B2d
B2_Mm1t_chr19_18717626_18717807	B2a
B2_Mm1a_chr19_18726357_18726552	B2a
B3_chr19_18733944_18734137	B2d
B3_chr19_18747331_18747538	B2d
B3_chr19_18794857_18795069	B2d
B3_chr19_18795158_18795350	B2d
B3_chr19_18820761_18820968	B2d
B2_Mm2_chr19_18829197_18829387	B2a
B3_chr19_18845786_18845999	B2d
B3_chr19_18861509_18861685	B2d
B2_Mm1t_chr19_18877310_18877480	B2a
B3_chr19_18964826_18964999	B2d
B2_Mm2_chr19_19049127_19049301	B2a
B3_chr19_19052814_19052986	B2c
B3_chr19_19302530_19302737	B2d
B3A_chr19_19308348_19308544	B2c
B3_chr19_19382929_19383135	B2d
B2_Mm2_chr19_19385977_19386166	B2a
B3A_chr19_19415532_19415727	B2e
B3_chr19_19472341_19472555	B2d
B2_Mm2_chr19_19567561_19567731	B2a
B3_chr19_19673726_19673913	B2d
B2_Mm1a_chr19_19681441_19681628	B2a
B3_chr19_19720958_19721156	B2d
B3_chr19_19763297_19763493	B2d
B2_Mm2_chr19_19894478_19894670	B2a
B3_chr19_19923340_19923546	B2d
B3_chr19_19928410_19928619	B2d
B3A_chr19_20001047_20001242	B2d
B3_chr19_20038570_20038762	B2d
B3_chr19_20109980_20110174	B2d
B2_Mm1a_chr19_20126799_20126988	B2a
B3_chr19_20176509_20176702	B2d
B3_chr19_20202305_20202485	B2c
B3_chr19_20281654_20281861	B2d
B3_chr19_20369356_20369539	B2c
B2_Mm2_chr19_20372154_20372341	B2b
B2_Mm2_chr19_20398847_20399036	B2b
B3A_chr19_20423674_20423854	B2d
B3_chr19_20425829_20426034	B2d
B2_Mm2_chr19_20455071_20455265	B2a
B3_chr19_20483089_20483295	B2d
B3A_chr19_20514630_20514819	B2d
B2_Mm2_chr19_20562613_20562798	B2a
B3_chr19_20597060_20597263	B2d
B2_Mm2_chr19_20604618_20604808	B2a
B2_Mm2_chr19_20675649_20675841	B2a
B2_Mm2_chr19_20676195_20676389	B2a
B2_Mm2_chr19_20736417_20736595	B2a
B2_Mm1t_chr19_20800343_20800525	B2a
B3A_chr19_20816598_20816807	B2d
B3A_chr19_20836577_20836752	B2d
B2_Mm2_chr19_20875573_20875757	B2a
B2_Mm1a_chr19_20894189_20894373	B2a
B2_Mm2_chr19_20916240_20916437	B2a
B2_Mm2_chr19_20919844_20920034	B2a
B2_Mm1a_chr19_20976336_20976523	B2a
B3_chr19_21004078_21004283	B2d
B3_chr19_21021777_21021963	B2d
B3_chr19_21065663_21065835	B2d
B2_Mm1t_chr19_21075447_21075628	B2a
B3_chr19_21137764_21137982	B2d
B3_chr19_21172515_21172723	B2d
B2_Mm1t_chr19_21175238_21175421	B2a
B3_chr19_21213053_21213234	B2d
B2_Mm2_chr19_21238974_21239145	B2a
B3_chr19_21253022_21253194	B2e
B3A_chr19_21264154_21264338	B2d
B3_chr19_21274703_21274877	B2d
B2_Mm2_chr19_21275890_21276064	B2a
B3_chr19_21285799_21286018	B2d
B2_Mm1t_chr19_21287708_21287898	B2a
B2_Mm1t_chr19_21304022_21304199	B2a
B2_Mm2_chr19_21312193_21312388	B2a
B3A_chr19_21323504_21323687	B2e
B3_chr19_21341826_21342033	B2e
B3A_chr19_21348806_21348990	B2d
B3A_chr19_21367787_21367990	B2d
B3_chr19_21380568_21380761	B2d
B2_Mm2_chr19_21398118_21398290	B2a
B3_chr19_21431527_21431716	B2e
B3_chr19_21435462_21435664	B2d
B2_Mm1a_chr19_21505519_21505704	B2a
B2_Mm2_chr19_21509501_21509684	B2a
B2_Mm2_chr19_21521027_21521211	B2a
B3A_chr19_21540635_21540819	B2d
B2_Mm2_chr19_21542053_21542242	B2a
B2_Mm1t_chr19_21572574_21572764	B2a
B2_Mm1a_chr19_21605195_21605392	B2a
B3_chr19_21632463_21632642	B2d
B3A_chr19_21636039_21636234	B2e
B3A_chr19_21642407_21642614	B2d
B3_chr19_21650784_21650980	B2c
B3A_chr19_21675134_21675307	B2c
B3_chr19_21694313_21694517	B2d
B2_Mm1t_chr19_21706091_21706275	B2a
B2_Mm2_chr19_21717050_21717238	B2a
B2_Mm1t_chr19_21722001_21722187	B2a
B3A_chr19_21773131_21773336	B2e
B3_chr19_21781572_21781782	B2d
B3A_chr19_21798336_21798524	B2e
B2_Mm1t_chr19_21800928_21801112	B2a
B3A_chr19_21842546_21842764	B2d
B2_Mm1t_chr19_21859016_21859204	B2a
B3_chr19_21913862_21914076	B2d
B3A_chr19_22113488_22113665	B2c
B2_Mm2_chr19_22121974_22122154	B2a
B3_chr19_22149541_22149750	B2d
B3_chr19_22187238_22187427	B2b
B2_Mm1a_chr19_22231348_22231543	B2a
B3A_chr19_22236700_22236887	B2c
B3_chr19_22289475_22289669	B2d
B3_chr19_22373243_22373450	B2e
B3A_chr19_22402535_22402713	B2d
B3_chr19_22505413_22505622	B2d
B3A_chr19_22512055_22512240	B2d
B3_chr19_22524875_22525080	B2d
B3_chr19_22597351_22597523	B2c
B3_chr19_22751814_22752019	B2d
B3_chr19_22833220_22833420	B2d
B3_chr19_22847286_22847500	B2d
B2_Mm2_chr19_22978558_22978745	B2a
B2_Mm2_chr19_22987815_22988007	B2a
B2_Mm2_chr19_23017903_23018092	B2a
B2_Mm2_chr19_23028557_23028730	B2a
B2_Mm2_chr19_23050438_23050627	B2a
B2_Mm1a_chr19_23053582_23053771	B2a
B3_chr19_23056800_23056982	B2d
B2_Mm1t_chr19_23061084_23061270	B2a
B2_Mm2_chr19_23064255_23064443	B2a
B2_Mm1a_chr19_23065738_23065925	B2a
B3_chr19_23081161_23081376	B2d
B2_Mm2_chr19_23085781_23085978	B2a
B2_Mm1a_chr19_23089339_23089531	B2a
B2_Mm2_chr19_23089531_23089706	B2a
B3_chr19_23091650_23091825	B2d
B2_Mm2_chr19_23093417_23093597	B2a
B3_chr19_23105089_23105290	B2d
B2_Mm2_chr19_23122955_23123153	B2a
B2_Mm1t_chr19_23134286_23134470	B2a
B2_Mm2_chr19_23135319_23135509	B2a
B2_Mm1t_chr19_23135894_23136071	B2a
B2_Mm2_chr19_23154873_23155057	B2a
B2_Mm2_chr19_23157026_23157220	B2a
B3A_chr19_23161549_23161723	B2e
B2_Mm2_chr19_23163233_23163404	B2a
B2_Mm2_chr19_23175463_23175650	B2a
B2_Mm1t_chr19_23210865_23211079	B2a
B3A_chr19_23239043_23239231	B2e
B2_Mm2_chr19_23254155_23254327	B2a
B2_Mm2_chr19_23361021_23361192	B2b
B3A_chr19_23362456_23362630	B2c
B3_chr19_23407782_23407969	B2e
B2_Mm1a_chr19_23548551_23548737	B2a
B3_chr19_23571705_23571885	B2c
B3_chr19_23646965_23647146	B2d
B2_Mm2_chr19_23680964_23681145	B2a
B3_chr19_23691111_23691295	B2e
B3_chr19_23799350_23799555	B2d
B2_Mm2_chr19_23804572_23804756	B2a
B3_chr19_23825315_23825504	B2e
B3_chr19_23827521_23827727	B2d
B3_chr19_23832284_23832489	B2d
B3_chr19_23835580_23835750	B2d
B2_Mm2_chr19_23958598_23958790	B2b
B2_Mm2_chr19_23972426_23972620	B2b
B2_Mm2_chr19_23976828_23977014	B2a
B2_Mm2_chr19_24004211_24004398	B2a
B3_chr19_24016124_24016307	B2c
B3_chr19_24033895_24034069	B2c
B3_chr19_24037492_24037671	B2c
B3_chr19_24056757_24056973	B2d
B3A_chr19_24063088_24063282	B2d
B3_chr19_24066218_24066410	B2e
B3A_chr19_24068952_24069129	B2c
B3_chr19_24084619_24084838	B2c
B2_Mm1t_chr19_24089233_24089424	B2a
B3A_chr19_24105413_24105586	B2e
B2_Mm1a_chr19_24110937_24111122	B2a
B3A_chr19_24120628_24120805	B2e
B2_Mm2_chr19_24134648_24134824	B2b
B2_Mm1t_chr19_24142127_24142314	B2a
B3_chr19_24147079_24147265	B2d
B2_Mm2_chr19_24147888_24148096	B2a
B2_Mm1a_chr19_24148728_24148920	B2a
B2_Mm2_chr19_24153754_24153951	B2a
B3_chr19_24158875_24159079	B2d
B3_chr19_24160481_24160665	B2c
B2_Mm1a_chr19_24163107_24163295	B2a
B2_Mm2_chr19_24163349_24163542	B2a
B2_Mm2_chr19_24166711_24166907	B2a
B3_chr19_24171699_24171905	B2d
B3_chr19_24174025_24174246	B2d
B3A_chr19_24175085_24175280	B2e
B2_Mm1t_chr19_24175826_24176016	B2a
B2_Mm2_chr19_24178720_24178913	B2a
B3A_chr19_24184020_24184203	B2e
B2_Mm1t_chr19_24194453_24194643	B2a
B3_chr19_24199274_24199457	B2d
B3_chr19_24212447_24212635	B2d
B2_Mm2_chr19_24215242_24215433	B2a
B3_chr19_24217012_24217189	B2c
B2_Mm2_chr19_24225985_24226165	B2a
B3A_chr19_24228646_24228839	B2d
B2_Mm2_chr19_24242709_24242901	B2b
B3_chr19_24250818_24250993	B2c
B3_chr19_24255557_24255767	B2d
B3A_chr19_24268758_24268944	B2e
B2_Mm1a_chr19_24277187_24277380	B2a
B3_chr19_24292589_24292762	B2e
B2_Mm1a_chr19_24317972_24318160	B2a
B3_chr19_24353742_24353957	B2e
B3_chr19_24360314_24360512	B2d
B3_chr19_24361965_24362178	B2d
B3_chr19_24494059_24494270	B2d
B2_Mm1t_chr19_24500549_24500737	B2a
B3A_chr19_24515222_24515401	B2d
B3_chr19_24527531_24527716	B2c
B3_chr19_24540157_24540350	B2c
B3_chr19_24545973_24546157	B2d
B3_chr19_24599756_24599931	B2d
B3_chr19_24677386_24677598	B2d
B3_chr19_24703861_24704061	B2d
B2_Mm2_chr19_24721747_24721935	B2b
B2_Mm1t_chr19_24738856_24739050	B2a
B3_chr19_24760489_24760699	B2d
B3A_chr19_24788454_24788634	B2e
B2_Mm2_chr19_24820708_24820898	B2a
B2_Mm2_chr19_24830478_24830659	B2b
B3A_chr19_24858294_24858482	B2d
B2_Mm2_chr19_24873537_24873716	B2a
B3_chr19_24897356_24897568	B2d
B2_Mm1a_chr19_24921022_24921208	B2a
B3_chr19_24932174_24932379	B2d
B2_Mm2_chr19_24957513_24957711	B2a
B2_Mm2_chr19_25054300_25054498	B2b
B3_chr19_25068831_25069008	B2c
B3_chr19_25080449_25080646	B2d
B3_chr19_25092796_25092975	B2d
B3_chr19_25093089_25093321	B2e
B2_Mm1a_chr19_25102856_25103048	B2a
B2_Mm2_chr19_25103480_25103651	B2a
B3_chr19_25110313_25110487	B2c
B3_chr19_25137166_25137358	B2e
B3_chr19_25184351_25184555	B2d
B2_Mm2_chr19_25195884_25196074	B2a
B3_chr19_25196970_25197179	B2d
B3A_chr19_25198477_25198687	B2d
B2_Mm2_chr19_25202292_25202483	B2a
B3_chr19_25205256_25205438	B2c
B2_Mm2_chr19_25206057_25206251	B2a
B2_Mm1t_chr19_25210769_25210961	B2a
B3_chr19_25229886_25230100	B2d
B3_chr19_25234841_25235039	B2d
B3_chr19_25237554_25237759	B2d
B2_Mm2_chr19_25242744_25242935	B2a
B3_chr19_25263125_25263303	B2d
B3_chr19_25271213_25271409	B2e
B3_chr19_25282415_25282652	B2d
B2_Mm2_chr19_25292332_25292513	B2a
B2_Mm2_chr19_25295077_25295262	B2a
B2_Mm2_chr19_25304689_25304872	B2a
B3_chr19_25325519_25325730	B2d
B3_chr19_25332252_25332477	B2d
B3_chr19_25341050_25341256	B2e
B3_chr19_25370683_25370857	B2e
B3_chr19_25394301_25394495	B2d
B2_Mm2_chr19_25421899_25422086	B2a
B2_Mm2_chr19_25454431_25454617	B2a
B3_chr19_25460195_25460389	B2e
B2_Mm2_chr19_25472244_25472430	B2b
B2_Mm1a_chr19_25472701_25472876	B2a
B3_chr19_25478502_25478709	B2e
B3_chr19_25490447_25490644	B2d
B3_chr19_25502756_25502964	B2d
B3_chr19_25525037_25525207	B2c
B2_Mm1a_chr19_25532608_25532787	B2a
B2_Mm2_chr19_25538712_25538908	B2a
B2_Mm1a_chr19_25558588_25558780	B2a
B2_Mm2_chr19_25606561_25606755	B2a
B3_chr19_25631071_25631248	B2d
B3_chr19_25665548_25665750	B2d
B3_chr19_25681178_25681386	B2d
B3A_chr19_25685183_25685359	B2d
B2_Mm2_chr19_25721306_25721496	B2a
B3A_chr19_25740179_25740364	B2c
B2_Mm2_chr19_25786948_25787136	B2a
B3_chr19_25789818_25790033	B2d
B3_chr19_25796381_25796589	B2d
B3_chr19_25827941_25828123	B2d
B3_chr19_25915494_25915700	B2d
B3_chr19_25918346_25918541	B2d
B2_Mm2_chr19_25930052_25930242	B2a
B3_chr19_25965866_25966061	B2d
B3A_chr19_26031337_26031521	B2e
B2_Mm2_chr19_26243678_26243851	B2a
B3A_chr19_26284503_26284686	B2e
B2_Mm2_chr19_26334633_26334824	B2a
B2_Mm2_chr19_26338583_26338753	B2b
B3_chr19_26340241_26340446	B2d
B3_chr19_26475332_26475514	B2c
B3_chr19_26476148_26476332	B2d
B3_chr19_26512961_26513143	B2d
B3_chr19_26517334_26517547	B2d
B2_Mm2_chr19_26605166_26605352	B2a
B2_Mm2_chr19_26611229_26611402	B2a
B3A_chr19_26641604_26641811	B2d
B3_chr19_26656965_26657143	B2d
B3_chr19_26677970_26678143	B2d
B3A_chr19_26794975_26795157	B2e
B3_chr19_26844796_26844969	B2e
B2_Mm1t_chr19_26860462_26860648	B2a
B2_Mm2_chr19_26886983_26887165	B2a
B3_chr19_26932126_26932331	B2d
B2_Mm2_chr19_26944570_26944752	B2a
B3_chr19_26991829_26992049	B2d
B3A_chr19_27036649_27036861	B2e
B3A_chr19_27043261_27043470	B2e
B3A_chr19_27049294_27049481	B2d
B3_chr19_27098973_27099172	B2d
B3A_chr19_27116466_27116669	B2d
B3A_chr19_27118983_27119192	B2d
B3A_chr19_27126135_27126335	B2d
B3_chr19_27167562_27167774	B2d
B3_chr19_27174022_27174201	B2c
B3A_chr19_27233107_27233284	B2e
B3_chr19_27259153_27259342	B2e
B3_chr19_27338702_27338906	B2d
B3A_chr19_27348921_27349101	B2b
B2_Mm2_chr19_27365917_27366094	B2a
B2_Mm1t_chr19_27371138_27371325	B2a
B2_Mm2_chr19_27378448_27378638	B2a
B2_Mm2_chr19_27449732_27449915	B2a
B3_chr19_27506204_27506441	B2b
B3A_chr19_27546540_27546711	B2e
B3_chr19_27548428_27548618	B2d
B3A_chr19_27550284_27550488	B2d
B2_Mm1t_chr19_27587947_27588138	B2a
B3A_chr19_27598065_27598277	B2e
B3A_chr19_27623088_27623272	B2e
B3_chr19_27658173_27658353	B2d
B3A_chr19_27660909_27661083	B2c
B3A_chr19_27670456_27670668	B2d
B3A_chr19_27684831_27685025	B2e
B3_chr19_27727632_27727831	B2d
B3_chr19_27843299_27843503	B2e
B3A_chr19_27852842_27853034	B2c
B3_chr19_27880840_27881041	B2d
B3A_chr19_27908627_27908799	B2d
B3_chr19_27909510_27909708	B2d
B3_chr19_27941438_27941648	B2d
B3_chr19_28012792_28012987	B2d
B3_chr19_28040559_28040739	B2c
B3_chr19_28097507_28097714	B2d
B3_chr19_28101468_28101663	B2e
B3_chr19_28114255_28114469	B2d
B3_chr19_28116779_28116966	B2d
B2_Mm1t_chr19_28123989_28124168	B2a
B3_chr19_28138099_28138300	B2d
B3_chr19_28149981_28150187	B2d
B3A_chr19_28179053_28179229	B2d
B2_Mm2_chr19_28198475_28198672	B2a
B3_chr19_28202292_28202499	B2d
B2_Mm1t_chr19_28311476_28311662	B2a
B3_chr19_28318405_28318619	B2d
B3_chr19_28408175_28408391	B2d
B3A_chr19_28440250_28440449	B2e
B3_chr19_28471768_28471988	B2d
B3_chr19_28524453_28524664	B2d
B3_chr19_28590969_28591169	B2d
B2_Mm2_chr19_28609823_28610002	B2a
B2_Mm1a_chr19_28676741_28676934	B2a
B3_chr19_28691052_28691263	B2d
B2_Mm2_chr19_28750447_28750633	B2a
B2_Mm2_chr19_28762948_28763140	B2a
B2_Mm1t_chr19_28766086_28766267	B2a
B2_Mm2_chr19_28789165_28789354	B2a
B2_Mm2_chr19_28833303_28833490	B2a
B3A_chr19_28855101_28855286	B2c
B3A_chr19_28855645_28855816	B2c
B3A_chr19_28877320_28877511	B2e
B3A_chr19_28899067_28899243	B2c
B2_Mm2_chr19_28922078_28922269	B2a
B2_Mm2_chr19_28949068_28949246	B2a
B2_Mm2_chr19_28995830_28996018	B2a
B3A_chr19_28997338_28997520	B2e
B3_chr19_28997788_28997988	B2e
B3_chr19_29005195_29005388	B2d
B3_chr19_29017077_29017258	B2c
B2_Mm1a_chr19_29017983_29018169	B2a
B3_chr19_29036816_29037014	B2d
B3A_chr19_29037196_29037380	B2e
B2_Mm2_chr19_29043196_29043387	B2b
B3A_chr19_29065579_29065772	B2d
B3_chr19_29072371_29072557	B2d
B3_chr19_29108657_29108855	B2d
B3_chr19_29136494_29136699	B2d
B2_Mm2_chr19_29152127_29152314	B2a
B3A_chr19_29169730_29169927	B2e
B3_chr19_29187833_29188045	B2d
B2_Mm1t_chr19_29201340_29201517	B2a
B3A_chr19_29247643_29247815	B2d
B2_Mm1t_chr19_29250590_29250776	B2a
B3_chr19_29318342_29318542	B2d
B2_Mm1a_chr19_29318925_29319103	B2a
B2_Mm2_chr19_29319103_29319278	B2a
B2_Mm2_chr19_29348047_29348233	B2a
B3_chr19_29366297_29366508	B2d
B3_chr19_29369184_29369386	B2d
B3_chr19_29376374_29376566	B2e
B2_Mm2_chr19_29441668_29441858	B2a
B3A_chr19_29467655_29467844	B2d
B2_Mm1t_chr19_29473144_29473317	B2a
B3_chr19_29475091_29475302	B2d
B2_Mm2_chr19_29513489_29513671	B2a
B2_Mm1t_chr19_29514359_29514536	B2a
B2_Mm2_chr19_29537407_29537588	B2a
B3_chr19_29548429_29548624	B2d
B2_Mm2_chr19_29555551_29555733	B2a
B2_Mm2_chr19_29590765_29590938	B2a
B3_chr19_29593395_29593566	B2d
B3_chr19_29606784_29606960	B2c
B2_Mm2_chr19_29610684_29610854	B2a
B2_Mm1t_chr19_29624615_29624799	B2a
B2_Mm1t_chr19_29629931_29630104	B2a
B3_chr19_29637132_29637304	B2d
B2_Mm2_chr19_29646137_29646308	B2a
B2_Mm2_chr19_29651262_29651439	B2a
B2_Mm1a_chr19_29654933_29655121	B2a
B2_Mm1t_chr19_29660622_29660792	B2a
B3A_chr19_29717328_29717539	B2e
B3_chr19_29721851_29722052	B2d
B2_Mm2_chr19_29724016_29724194	B2a
B2_Mm2_chr19_29727483_29727665	B2b
B3_chr19_29728227_29728406	B2c
B2_Mm2_chr19_29752117_29752292	B2b
B3_chr19_29762894_29763103	B2d
B3_chr19_29776754_29776965	B2d
B3A_chr19_29780734_29780929	B2e
B3_chr19_29803645_29803831	B2e
B3A_chr19_29863320_29863521	B2d
B3_chr19_29908425_29908635	B2d
B2_Mm1t_chr19_29911087_29911272	B2a
B3A_chr19_29918809_29918992	B2d
B3_chr19_29933809_29933997	B2d
B2_Mm1a_chr19_29934007_29934199	B2a
B2_Mm2_chr19_29934769_29934951	B2a
B3A_chr19_29935497_29935675	B2d
B2_Mm1t_chr19_30005919_30006107	B2a
B3_chr19_30010172_30010375	B2d
B3_chr19_30044869_30045074	B2d
B3_chr19_30047503_30047674	B2d
B3A_chr19_30048059_30048239	B2e
B2_Mm1a_chr19_30050254_30050437	B2a
B2_Mm1t_chr19_30051966_30052156	B2a
B2_Mm2_chr19_30074088_30074270	B2a
B2_Mm1a_chr19_30119048_30119238	B2a
B3A_chr19_30120194_30120403	B2b
B3A_chr19_30122308_30122490	B2d
B3_chr19_30129789_30129983	B2d
B3_chr19_30133678_30133893	B2d
B3_chr19_30153334_30153530	B2d
B2_Mm1t_chr19_30155997_30156189	B2a
B2_Mm1t_chr19_30161626_30161813	B2a
B3_chr19_30170450_30170644	B2d
B3_chr19_30174854_30175066	B2d
B3_chr19_30182338_30182551	B2d
B2_Mm2_chr19_30211571_30211767	B2a
B3A_chr19_30217705_30217904	B2c
B2_Mm2_chr19_30218259_30218454	B2a
B3_chr19_30218593_30218804	B2d
B3_chr19_30222608_30222793	B2d
B3_chr19_30250643_30250833	B2d
B2_Mm1t_chr19_30266420_30266610	B2a
B3_chr19_30286838_30287008	B2d
B3A_chr19_30293349_30293530	B2d
B3A_chr19_30348852_30349042	B2d
B3A_chr19_30373196_30373384	B2e
B3_chr19_30377814_30377984	B2d
B2_Mm2_chr19_30380274_30380463	B2a
B3_chr19_30393601_30393803	B2d
B2_Mm1t_chr19_30403581_30403764	B2a
B3A_chr19_30412142_30412338	B2e
B3_chr19_30468852_30469034	B2d
B3_chr19_30473343_30473548	B2d
B3_chr19_30500409_30500612	B2d
B3A_chr19_30575337_30575533	B2e
B3A_chr19_30598608_30598783	B2d
B3_chr19_30693385_30693580	B2d
B3_chr19_30694711_30694915	B2d
B3_chr19_30728623_30728825	B2d
B3A_chr19_30805384_30805555	B2d
B2_Mm2_chr19_30836230_30836437	B2a
B2_Mm2_chr19_30848959_30849139	B2a
B3_chr19_30879508_30879723	B2d
B3A_chr19_30879760_30879968	B2d
B2_Mm2_chr19_30888487_30888681	B2a
B2_Mm2_chr19_30892052_30892241	B2a
B3A_chr19_30899868_30900064	B2d
B2_Mm2_chr19_30934352_30934548	B2a
B2_Mm2_chr19_30936838_30937016	B2a
B2_Mm1a_chr19_30966662_30966857	B2a
B3_chr19_30971292_30971495	B2d
B2_Mm2_chr19_30974937_30975125	B2b
B2_Mm2_chr19_30992842_30993029	B2a
B2_Mm2_chr19_30996588_30996765	B2a
B3A_chr19_31024090_31024285	B2d
B2_Mm2_chr19_31029354_31029529	B2a
B2_Mm2_chr19_31044897_31045094	B2a
B2_Mm1t_chr19_31067761_31067946	B2a
B2_Mm2_chr19_31079534_31079710	B2a
B2_Mm1a_chr19_31110779_31110975	B2a
B3_chr19_31133390_31133605	B2d
B2_Mm2_chr19_31145343_31145515	B2a
B3_chr19_31251687_31251870	B2c
B3A_chr19_31269814_31269998	B2e
B2_Mm2_chr19_31364910_31365090	B2a
B3_chr19_31426933_31427106	B2d
B3_chr19_31429765_31429969	B2d
B3_chr19_31432271_31432475	B2d
B3_chr19_31454612_31454821	B2d
B3_chr19_31523251_31523456	B2d
B3A_chr19_31524980_31525184	B2e
B2_Mm1a_chr19_31528214_31528404	B2a
B3_chr19_31534837_31535042	B2d
B3A_chr19_31577790_31577979	B2e
B3A_chr19_31588615_31588794	B2d
B3_chr19_31604449_31604657	B2d
B3A_chr19_31625666_31625863	B2e
B3A_chr19_31689901_31690087	B2d
B3_chr19_31690224_31690436	B2d
B3_chr19_31759721_31759914	B2d
B3A_chr19_31768724_31768908	B2e
B2_Mm2_chr19_31844297_31844482	B2a
B2_Mm2_chr19_31850046_31850235	B2a
B3_chr19_31921343_31921539	B2d
B3A_chr19_31933304_31933507	B2c
B3_chr19_32025137_32025347	B2d
B3_chr19_32035829_32036028	B2d
B3_chr19_32037091_32037283	B2d
B3_chr19_32046794_32046984	B2c
B3_chr19_32076817_32077040	B2d
B3A_chr19_32078863_32079061	B2e
B2_Mm2_chr19_32097475_32097666	B2a
B3_chr19_32124325_32124515	B2d
B3_chr19_32131546_32131729	B2d
B2_Mm1a_chr19_32139597_32139783	B2a
B2_Mm1t_chr19_32176250_32176438	B2a
B3A_chr19_32179302_32179485	B2d
B2_Mm2_chr19_32193235_32193425	B2a
B3A_chr19_32194550_32194751	B2d
B3A_chr19_32198759_32198951	B2e
B2_Mm2_chr19_32265124_32265306	B2a
B3_chr19_32276358_32276529	B2c
B2_Mm1t_chr19_32287111_32287297	B2a
B3A_chr19_32287464_32287638	B2e
B3A_chr19_32287965_32288165	B2d
B3A_chr19_32336026_32336215	B2d
B3_chr19_32338384_32338584	B2d
B3_chr19_32368358_32368572	B2d
B3_chr19_32370887_32371094	B2d
B3_chr19_32371544_32371718	B2d
B3_chr19_32373814_32374043	B2d
B2_Mm2_chr19_32374457_32374632	B2c
B2_Mm1a_chr19_32394954_32395130	B2a
B2_Mm1t_chr19_32435749_32435934	B2a
B3A_chr19_32442003_32442189	B2d
B3_chr19_32454800_32454986	B2d
B3_chr19_32470057_32470278	B2d
B2_Mm2_chr19_32508862_32509048	B2a
B3_chr19_32537443_32537640	B2e
B3_chr19_32543859_32544048	B2d
B2_Mm1a_chr19_32562436_32562628	B2a
B3_chr19_32578457_32578649	B2e
B3A_chr19_32580038_32580217	B2e
B3A_chr19_32599253_32599425	B2d
B3_chr19_32605724_32605923	B2d
B2_Mm2_chr19_32610134_32610323	B2a
B3_chr19_32624718_32624911	B2e
B3A_chr19_32648181_32648367	B2e
B3_chr19_32652173_32652352	B2d
B2_Mm1a_chr19_32655642_32655840	B2a
B2_Mm2_chr19_32660637_32660829	B2b
B2_Mm1a_chr19_32666628_32666819	B2a
B2_Mm2_chr19_32670568_32670749	B2a
B2_Mm1t_chr19_32672623_32672805	B2a
B2_Mm2_chr19_32675526_32675727	B2b
B2_Mm1t_chr19_32678131_32678303	B2a
B2_Mm1a_chr19_32683681_32683882	B2a
B2_Mm2_chr19_32688160_32688341	B2a
B2_Mm2_chr19_32691929_32692125	B2a
B2_Mm1t_chr19_32707475_32707669	B2a
B2_Mm1t_chr19_32708082_32708273	B2a
B2_Mm1t_chr19_32709814_32709985	B2a
B2_Mm1t_chr19_32712257_32712431	B2a
B2_Mm1a_chr19_32715835_32716028	B2a
B3_chr19_32720043_32720259	B2d
B2_Mm2_chr19_32720772_32720955	B2a
B3_chr19_32723642_32723827	B2d
B2_Mm2_chr19_32725407_32725588	B2a
B2_Mm1t_chr19_32728699_32728933	B2a
B2_Mm2_chr19_32729497_32729688	B2a
B2_Mm2_chr19_32738544_32738735	B2a
B2_Mm2_chr19_32747882_32748068	B2a
B2_Mm2_chr19_32748787_32748959	B2b
B3_chr19_32794720_32794896	B2d
B2_Mm1t_chr19_32806378_32806550	B2a
B3_chr19_32820914_32821089	B2c
B2_Mm1a_chr19_32850909_32851109	B2a
B3_chr19_32901684_32901859	B2c
B3A_chr19_32984716_32984914	B2d
B3A_chr19_32992541_32992732	B2e
B3A_chr19_33055921_33056092	B2e
B3_chr19_33157473_33157691	B2d
B3_chr19_33173225_33173425	B2d
B3_chr19_33199285_33199486	B2d
B3_chr19_33211208_33211414	B2d
B3_chr19_33218367_33218565	B2d
B3A_chr19_33252582_33252772	B2e
B3_chr19_33314071_33314245	B2e
B3_chr19_33342559_33342776	B2d
B2_Mm1a_chr19_33382003_33382188	B2a
B2_Mm1a_chr19_33591945_33592137	B2a
B3_chr19_33594005_33594175	B2e
B3_chr19_33607853_33608058	B2d
B3_chr19_33942540_33942738	B2d
B3_chr19_33965447_33965652	B2d
B3A_chr19_33975273_33975485	B2d
B2_Mm2_chr19_34002391_34002563	B2a
B3A_chr19_34034496_34034701	B2c
B2_Mm2_chr19_34168034_34168213	B2a
B2_Mm1a_chr19_34183812_34183996	B2a
B3A_chr19_34187521_34187705	B2d
B2_Mm1a_chr19_34214094_34214283	B2a
B2_Mm1t_chr19_34293731_34293911	B2a
B3_chr19_34298587_34298779	B2d
B3_chr19_34339833_34340030	B2d
B3_chr19_34391861_34392074	B2d
B3_chr19_34406786_34406991	B2d
B2_Mm2_chr19_34429007_34429181	B2a
B3A_chr19_34434206_34434377	B2d
B2_Mm2_chr19_34449120_34449295	B2b
B3_chr19_34458582_34458811	B2d
B2_Mm2_chr19_34541314_34541508	B2a
B3A_chr19_34543253_34543444	B2e
B3_chr19_34557074_34557277	B2d
B3A_chr19_34558652_34558836	B2e
B2_Mm2_chr19_34586435_34586616	B2a
B3_chr19_34611388_34611591	B2d
B2_Mm2_chr19_34630335_34630509	B2a
B3_chr19_34655119_34655327	B2d
B3_chr19_34656484_34656690	B2d
B3_chr19_34679683_34679878	B2d
B3_chr19_34680774_34680985	B2d
B3_chr19_34749731_34749925	B2e
B2_Mm1t_chr19_34760495_34760684	B2a
B2_Mm1t_chr19_34768355_34768540	B2a
B3_chr19_34768937_34769110	B2d
B3_chr19_34814013_34814207	B2e
B3A_chr19_34814801_34814992	B2e
B3_chr19_34850213_34850419	B2d
B2_Mm2_chr19_34863971_34864166	B2a
B3_chr19_34877897_34878089	B2d
B3A_chr19_34892264_34892465	B2d
B3_chr19_34894321_34894520	B2d
B3_chr19_34896430_34896644	B2d
B2_Mm1t_chr19_34903733_34903911	B2a
B2_Mm1a_chr19_34924423_34924612	B2a
B3_chr19_34925953_34926124	B2d
B3_chr19_34933650_34933857	B2d
B3_chr19_34934414_34934621	B2d
B3_chr19_35004362_35004563	B2e
B3A_chr19_35024824_35025019	B2d
B2_Mm1t_chr19_35068812_35068988	B2a
B3A_chr19_35101969_35102157	B2e
B3_chr19_35112686_35112902	B2d
B2_Mm2_chr19_35133348_35133526	B2a
B3_chr19_35146301_35146505	B2d
B3A_chr19_35208086_35208271	B2e
B3_chr19_35238617_35238819	B2d
B3_chr19_35250415_35250593	B2c
B3A_chr19_35268569_35268752	B2d
B3_chr19_35273842_35274027	B2e
B3_chr19_35293680_35293878	B2e
B3A_chr19_35449637_35449826	B2d
B3_chr19_35586648_35586855	B2d
B3A_chr19_35799713_35799902	B2d
B3_chr19_35837286_35837491	B2d
B2_Mm1a_chr19_35926729_35926923	B2a
B3_chr19_35932275_35932514	B2d
B3_chr19_35965998_35966175	B2c
B3_chr19_36046938_36047114	B2c
B3_chr19_36070737_36070931	B2d
B2_Mm2_chr19_36091910_36092091	B2b
B2_Mm2_chr19_36105861_36106068	B2a
B3_chr19_36108394_36108601	B2e
B2_Mm1a_chr19_36112199_36112389	B2a
B3_chr19_36240194_36240395	B2d
B3_chr19_36349310_36349517	B2d
B3_chr19_36353918_36354133	B2d
B2_Mm1a_chr19_36363357_36363566	B2a
B3_chr19_36373438_36373645	B2d
B2_Mm1a_chr19_36394199_36394390	B2a
B3A_chr19_36413310_36413486	B2e
B3_chr19_36518809_36519001	B2d
B3A_chr19_36540240_36540418	B2e
B3_chr19_36542367_36542578	B2d
B2_Mm1t_chr19_36547962_36548139	B2a
B2_Mm1a_chr19_36573076_36573283	B2a
B3A_chr19_36587159_36587351	B2e
B2_Mm2_chr19_36590450_36590631	B2a
B2_Mm2_chr19_36599867_36600052	B2a
B3A_chr19_36601284_36601456	B2c
B2_Mm2_chr19_36672623_36672812	B2a
B3_chr19_36689710_36689926	B2d
B3_chr19_36715749_36715947	B2d
B3A_chr19_36746896_36747077	B2d
B3_chr19_36764255_36764470	B2d
B3_chr19_36771210_36771427	B2d
B3_chr19_36779767_36779962	B2d
B2_Mm1a_chr19_36780347_36780541	B2a
B2_Mm1t_chr19_36785326_36785518	B2a
B3A_chr19_36793889_36794078	B2d
B2_Mm2_chr19_36794759_36794935	B2a
B3A_chr19_36797315_36797491	B2d
B2_Mm1t_chr19_36802660_36802834	B2a
B2_Mm1a_chr19_36807941_36808133	B2a
B2_Mm2_chr19_36814448_36814645	B2a
B2_Mm1a_chr19_36820041_36820222	B2a
B2_Mm2_chr19_36820742_36820935	B2a
B3A_chr19_36827789_36827960	B2d
B2_Mm1t_chr19_36829606_36829786	B2a
B2_Mm2_chr19_36832956_36833148	B2a
B2_Mm1t_chr19_36834018_36834191	B2a
B2_Mm2_chr19_36835516_36835708	B2a
B2_Mm1a_chr19_36841816_36842008	B2a
B3_chr19_36854723_36854895	B2d
B2_Mm1a_chr19_36864634_36864827	B2a
B2_Mm1t_chr19_36875090_36875276	B2a
B2_Mm2_chr19_36875295_36875489	B2b
B3A_chr19_36879727_36879931	B2e
B2_Mm2_chr19_36885135_36885326	B2a
B2_Mm2_chr19_36891737_36891938	B2a
B2_Mm1t_chr19_36897951_36898134	B2a
B2_Mm2_chr19_36906609_36906791	B2a
B3A_chr19_36912054_36912243	B2d
B2_Mm1a_chr19_36916185_36916355	B2a
B2_Mm1a_chr19_36919700_36919892	B2a
B2_Mm2_chr19_36923866_36924064	B2b
B3_chr19_36924211_36924383	B2d
B3_chr19_36925107_36925291	B2e
B2_Mm2_chr19_36939479_36939658	B2a
B3_chr19_36948880_36949059	B2e
B3_chr19_36950516_36950697	B2d
B3_chr19_36952231_36952427	B2d
B2_Mm1t_chr19_36952821_36953013	B2a
B2_Mm1t_chr19_36954165_36954356	B2a
B2_Mm2_chr19_36956534_36956734	B2a
B2_Mm2_chr19_36964683_36964877	B2a
B2_Mm1t_chr19_36974504_36974678	B2a
B3_chr19_37039077_37039278	B2e
B3A_chr19_37040023_37040201	B2e
B3A_chr19_37052553_37052737	B2e
B2_Mm1t_chr19_37058998_37059170	B2a
B2_Mm2_chr19_37075498_37075676	B2a
B3_chr19_37088713_37088885	B2c
B2_Mm2_chr19_37090961_37091136	B2a
B2_Mm2_chr19_37121109_37121300	B2a
B2_Mm2_chr19_37123921_37124092	B2a
B2_Mm1a_chr19_37130404_37130595	B2a
B2_Mm1t_chr19_37160882_37161068	B2a
B3_chr19_37162673_37162865	B2c
B2_Mm2_chr19_37168642_37168828	B2a
B3_chr19_37171145_37171331	B2d
B2_Mm2_chr19_37174071_37174265	B2a
B2_Mm2_chr19_37177850_37178045	B2a
B2_Mm1t_chr19_37178644_37178822	B2a
B3_chr19_37181742_37181947	B2d
B3_chr19_37188506_37188696	B2d
B2_Mm2_chr19_37190071_37190255	B2a
B3_chr19_37204343_37204529	B2b
B3_chr19_37205705_37205898	B2d
B3_chr19_37206268_37206460	B2c
B3A_chr19_37207627_37207819	B2e
B3A_chr19_37209014_37209203	B2e
B2_Mm2_chr19_37209227_37209420	B2a
B2_Mm2_chr19_37245677_37245852	B2a
B3_chr19_37265245_37265424	B2c
B2_Mm2_chr19_37269906_37270099	B2a
B3A_chr19_37271002_37271195	B2d
B2_Mm2_chr19_37280283_37280492	B2b
B3_chr19_37280529_37280701	B2c
B3A_chr19_37286004_37286205	B2d
B3_chr19_37293636_37293810	B2d
B3_chr19_37296759_37296966	B2d
B2_Mm2_chr19_37303625_37303805	B2a
B3_chr19_37305304_37305505	B2d
B3_chr19_37311597_37311785	B2d
B2_Mm2_chr19_37317544_37317732	B2b
B2_Mm1t_chr19_37319987_37320174	B2a
B2_Mm1a_chr19_37334677_37334850	B2a
B3_chr19_37336612_37336814	B2e
B2_Mm2_chr19_37338362_37338544	B2a
B3A_chr19_37343378_37343567	B2e
B2_Mm2_chr19_37347393_37347580	B2a
B2_Mm1a_chr19_37347600_37347782	B2a
B2_Mm1t_chr19_37355776_37355955	B2a
B2_Mm2_chr19_37356252_37356441	B2a
B3_chr19_37380479_37380691	B2d
B2_Mm2_chr19_37380838_37381025	B2a
B3_chr19_37386893_37387089	B2e
B3_chr19_37390276_37390448	B2d
B3A_chr19_37393071_37393258	B2d
B3A_chr19_37397157_37397345	B2c
B2_Mm2_chr19_37405509_37405698	B2a
B3A_chr19_37411836_37412030	B2c
B3_chr19_37413484_37413673	B2d
B3_chr19_37414101_37414298	B2d
B3_chr19_37445389_37445572	B2d
B3_chr19_37467128_37467311	B2c
B2_Mm2_chr19_37484832_37485009	B2a
B2_Mm2_chr19_37489660_37489868	B2a
B3_chr19_37505250_37505421	B2c
B3A_chr19_37510923_37511130	B2d
B2_Mm1a_chr19_37513750_37513939	B2a
B3_chr19_37517948_37518160	B2d
B3A_chr19_37519693_37519882	B2e
B2_Mm2_chr19_37529576_37529762	B2a
B3_chr19_37529796_37529973	B2d
B3A_chr19_37547122_37547304	B2e
B3_chr19_37585918_37586126	B2d
B3_chr19_37587440_37587622	B2d
B2_Mm2_chr19_37592254_37592439	B2a
B2_Mm2_chr19_37660943_37661140	B2a
B3_chr19_37668840_37669016	B2c
B3_chr19_37699345_37699549	B2d
B3_chr19_37708541_37708713	B2d
B3_chr19_37713152_37713346	B2d
B3A_chr19_37722767_37722957	B2e
B3_chr19_37743898_37744085	B2d
B3_chr19_37813075_37813278	B2d
B2_Mm2_chr19_37857525_37857696	B2a
B3A_chr19_37876408_37876604	B2d
B3A_chr19_37933559_37933749	B2e
B2_Mm2_chr19_37946153_37946337	B2a
B3_chr19_37950954_37951126	B2d
B3_chr19_37959671_37959872	B2d
B2_Mm2_chr19_37979170_37979369	B2b
B3_chr19_37984906_37985090	B2e
B3_chr19_37994511_37994707	B2d
B2_Mm2_chr19_38024724_38024905	B2a
B3_chr19_38046775_38046984	B2d
B3_chr19_38047237_38047450	B2d
B2_Mm1a_chr19_38055110_38055282	B2a
B3_chr19_38064718_38064913	B2d
B3A_chr19_38076662_38076880	B2e
B3_chr19_38118439_38118645	B2d
B3_chr19_38159798_38159971	B2c
B2_Mm2_chr19_38161847_38162029	B2b
B3_chr19_38197423_38197636	B2d
B2_Mm1a_chr19_38203685_38203864	B2a
B3A_chr19_38218398_38218600	B2c
B3_chr19_38222327_38222500	B2e
B2_Mm1t_chr19_38245792_38245982	B2a
B3_chr19_38260892_38261082	B2e
B2_Mm1t_chr19_38270105_38270293	B2a
B3_chr19_38290023_38290198	B2b
B2_Mm2_chr19_38316784_38316972	B2a
B2_Mm2_chr19_38319228_38319418	B2a
B2_Mm2_chr19_38321802_38321989	B2a
B2_Mm1a_chr19_38326712_38326909	B2a
B2_Mm2_chr19_38327459_38327650	B2a
B2_Mm2_chr19_38332249_38332446	B2a
B3_chr19_38349093_38349297	B2d
B2_Mm1t_chr19_38373562_38373748	B2a
B2_Mm2_chr19_38378062_38378242	B2a
B2_Mm2_chr19_38396579_38396755	B2a
B2_Mm1t_chr19_38438448_38438624	B2a
B3A_chr19_38447576_38447756	B2d
B3_chr19_38453311_38453523	B2d
B3_chr19_38454658_38454854	B2d
B3_chr19_38484466_38484683	B2d
B2_Mm2_chr19_38488327_38488512	B2a
B2_Mm2_chr19_38489949_38490140	B2a
B2_Mm1a_chr19_38504578_38504767	B2a
B2_Mm1a_chr19_38531378_38531566	B2a
B3_chr19_38542625_38542815	B2e
B2_Mm2_chr19_38547946_38548136	B2a
B3_chr19_38561374_38561570	B2d
B3_chr19_38600083_38600269	B2e
B2_Mm1a_chr19_38611750_38611946	B2a
B3_chr19_38652326_38652504	B2d
B3_chr19_38729241_38729448	B2d
B2_Mm2_chr19_38737869_38738057	B2a
B3_chr19_38740457_38740634	B2d
B3A_chr19_38741561_38741737	B2d
B3_chr19_38764747_38764951	B2d
B2_Mm1a_chr19_38770190_38770377	B2a
B3_chr19_38779335_38779514	B2e
B3_chr19_38809414_38809594	B2d
B3A_chr19_38810492_38810675	B2d
B3_chr19_38814285_38814485	B2d
B2_Mm1a_chr19_38816984_38817173	B2a
B3_chr19_38820886_38821088	B2d
B2_Mm1a_chr19_38827953_38828146	B2a
B3_chr19_38831911_38832100	B2d
B3_chr19_38832104_38832307	B2d
B2_Mm1t_chr19_38834072_38834267	B2a
B3_chr19_38842479_38842672	B2d
B3_chr19_38850545_38850759	B2d
B3_chr19_38853356_38853558	B2d
B3_chr19_38854389_38854597	B2d
B2_Mm1a_chr19_38855610_38855801	B2a
B2_Mm2_chr19_38864108_38864290	B2a
B3_chr19_38866489_38866686	B2d
B3_chr19_38868803_38868995	B2d
B2_Mm2_chr19_38872836_38873024	B2a
B3_chr19_38882918_38883110	B2d
B2_Mm2_chr19_38883885_38884091	B2b
B2_Mm2_chr19_38888989_38889163	B2a
B2_Mm2_chr19_38895399_38895579	B2a
B3_chr19_38900836_38901043	B2d
B3_chr19_38904208_38904398	B2d
B2_Mm1a_chr19_38911638_38911824	B2a
B3_chr19_38922547_38922718	B2d
B3A_chr19_38928319_38928496	B2d
B3_chr19_38929402_38929589	B2e
B3_chr19_38933422_38933612	B2e
B3_chr19_38934572_38934742	B2c
B2_Mm2_chr19_38936231_38936413	B2b
B2_Mm2_chr19_38936861_38937038	B2b
B3A_chr19_38943969_38944144	B2d
B2_Mm2_chr19_38948601_38948779	B2a
B2_Mm1a_chr19_38951864_38952057	B2a
B3_chr19_38953551_38953761	B2d
B3_chr19_38971332_38971519	B2e
B2_Mm2_chr19_38972479_38972661	B2a
B3_chr19_38972904_38973076	B2c
B2_Mm2_chr19_38975003_38975192	B2b
B2_Mm2_chr19_38980843_38981028	B2a
B2_Mm2_chr19_38985452_38985649	B2a
B3_chr19_39010410_39010624	B2d
B3_chr19_39021945_39022127	B2c
B3_chr19_39071352_39071552	B2d
B3_chr19_39160053_39160249	B2d
B3A_chr19_39297821_39297995	B2d
B2_Mm2_chr19_39322738_39322927	B2a
B3A_chr19_39424754_39424970	B2d
B2_Mm1a_chr19_39507427_39507618	B2a
B3A_chr19_39686490_39686671	B2d
B3A_chr19_39761051_39761232	B2d
B3A_chr19_39836575_39836756	B2d
B3_chr19_40212860_40213052	B2d
B3_chr19_40218345_40218541	B2d
B2_Mm1t_chr19_40225598_40225787	B2a
B3_chr19_40250623_40250801	B2c
B2_Mm2_chr19_40262874_40263065	B2a
B3_chr19_40290062_40290273	B2d
B3_chr19_40300667_40300852	B2d
B3_chr19_40302449_40302646	B2e
B2_Mm1t_chr19_40308045_40308237	B2a
B3_chr19_40318312_40318514	B2d
B3A_chr19_40322043_40322253	B2c
B3_chr19_40351997_40352175	B2d
B3A_chr19_40371676_40371917	B2d
B3_chr19_40374526_40374764	B2d
B3_chr19_40400259_40400466	B2d
B3A_chr19_40402187_40402389	B2e
B2_Mm1t_chr19_40410125_40410302	B2a
B2_Mm2_chr19_40427852_40428036	B2a
B3_chr19_40432371_40432542	B2d
B2_Mm2_chr19_40434793_40434975	B2a
B3A_chr19_40495596_40495775	B2c
B3A_chr19_40511460_40511666	B2e
B3_chr19_40521403_40521588	B2e
B2_Mm2_chr19_40526298_40526471	B2a
B3_chr19_40540281_40540468	B2d
B3_chr19_40545287_40545483	B2e
B2_Mm2_chr19_40567658_40567836	B2a
B3_chr19_40601145_40601371	B2d
B3A_chr19_40609029_40609231	B2d
B2_Mm2_chr19_40614119_40614297	B2a
B3_chr19_40615479_40615694	B2d
B3A_chr19_40616396_40616594	B2e
B3A_chr19_40617039_40617230	B2e
B3_chr19_40619998_40620197	B2e
B2_Mm1t_chr19_40624411_40624596	B2a
B2_Mm1t_chr19_40629838_40630016	B2a
B2_Mm2_chr19_40630696_40630868	B2a
B2_Mm2_chr19_40650848_40651032	B2a
B3A_chr19_40652974_40653146	B2d
B3_chr19_40656689_40656897	B2d
B3_chr19_40659047_40659245	B2d
B3A_chr19_40713766_40713969	B2e
B3A_chr19_40793427_40793603	B2e
B2_Mm2_chr19_40803009_40803195	B2a
B3_chr19_40843933_40844118	B2d
B3_chr19_40845916_40846099	B2d
B3_chr19_40878520_40878704	B2c
B3_chr19_40892864_40893044	B2d
B2_Mm1t_chr19_40913539_40913726	B2a
B3_chr19_40973583_40973789	B2d
B3_chr19_40993130_40993335	B2e
B3A_chr19_40997549_40997728	B2d
B3_chr19_41020656_41020837	B2c
B3_chr19_41022102_41022305	B2d
B2_Mm1a_chr19_41032130_41032340	B2a
B3_chr19_41032707_41032913	B2d
B2_Mm2_chr19_41037111_41037286	B2a
B3_chr19_41052994_41053190	B2e
B3A_chr19_41057956_41058146	B2e
B3_chr19_41076010_41076198	B2d
B3A_chr19_41085376_41085552	B2b
B3A_chr19_41104488_41104665	B2e
B3_chr19_41119963_41120174	B2d
B2_Mm2_chr19_41123197_41123384	B2a
B2_Mm1t_chr19_41126582_41126771	B2a
B3_chr19_41151836_41152048	B2e
B3_chr19_41156356_41156564	B2d
B2_Mm2_chr19_41174499_41174689	B2a
B3_chr19_41189045_41189254	B2d
B3A_chr19_41228761_41228953	B2e
B3A_chr19_41230930_41231110	B2d
B3_chr19_41234091_41234306	B2d
B3_chr19_41247221_41247430	B2d
B3_chr19_41250562_41250749	B2d
B3_chr19_41269407_41269605	B2d
B3A_chr19_41279786_41279978	B2e
B3_chr19_41312517_41312721	B2d
B3_chr19_41313635_41313820	B2d
B2_Mm1t_chr19_41327355_41327543	B2a
B3A_chr19_41343413_41343611	B2d
B2_Mm2_chr19_41352377_41352569	B2a
B2_Mm1t_chr19_41392813_41393002	B2a
B2_Mm1t_chr19_41401253_41401450	B2a
B3_chr19_41403291_41403466	B2c
B2_Mm1a_chr19_41411568_41411761	B2a
B2_Mm1a_chr19_41414590_41414774	B2a
B3_chr19_41418367_41418582	B2d
B2_Mm1a_chr19_41419995_41420179	B2a
B3_chr19_41425001_41425201	B2d
B2_Mm2_chr19_41426581_41426770	B2a
B2_Mm1t_chr19_41428920_41429093	B2a
B2_Mm1a_chr19_41436757_41436951	B2a
B2_Mm1a_chr19_41437519_41437714	B2a
B3_chr19_41441129_41441343	B2d
B2_Mm1t_chr19_41441433_41441620	B2a
B2_Mm1a_chr19_41452044_41452215	B2a
B2_Mm2_chr19_41454050_41454220	B2a
B2_Mm2_chr19_41454736_41454914	B2a
B2_Mm1t_chr19_41478674_41478852	B2a
B3_chr19_41480675_41480886	B2d
B2_Mm1t_chr19_41486480_41486669	B2a
B3_chr19_41491517_41491687	B2c
B2_Mm2_chr19_41498849_41499031	B2a
B3_chr19_41499178_41499352	B2d
B3_chr19_41509589_41509794	B2d
B2_Mm2_chr19_41519275_41519465	B2a
B3_chr19_41523566_41523770	B2d
B3_chr19_41526400_41526584	B2e
B3_chr19_41527372_41527585	B2d
B3_chr19_41528920_41529112	B2d
B3_chr19_41560160_41560331	B2d
B3_chr19_41563181_41563392	B2d
B2_Mm1t_chr19_41569718_41569899	B2a
B3_chr19_41595543_41595737	B2e
B3_chr19_41595813_41596020	B2d
B3_chr19_41600748_41600950	B2d
B2_Mm1t_chr19_41613269_41613459	B2a
B3_chr19_41624370_41624561	B2e
B2_Mm1t_chr19_41711494_41711679	B2a
B2_Mm2_chr19_41745675_41745854	B2a
B3_chr19_41748279_41748477	B2d
B2_Mm2_chr19_41753499_41753679	B2a
B2_Mm2_chr19_41767206_41767399	B2a
B2_Mm1a_chr19_41771178_41771371	B2a
B3_chr19_41774272_41774443	B2d
B2_Mm1a_chr19_41777280_41777472	B2a
B3A_chr19_41784121_41784317	B2d
B2_Mm1t_chr19_41785639_41785844	B2a
B3A_chr19_41786464_41786659	B2d
B3_chr19_41791388_41791569	B2d
B2_Mm2_chr19_41792377_41792562	B2b
B2_Mm1t_chr19_41793630_41793803	B2a
B2_Mm2_chr19_41807470_41807660	B2b
B3_chr19_41808278_41808477	B2e
B3_chr19_41828579_41828794	B2d
B3_chr19_41841287_41841499	B2d
B3_chr19_41842484_41842664	B2c
B3_chr19_41848552_41848750	B2d
B3_chr19_41870154_41870342	B2c
B3A_chr19_41877479_41877661	B2e
B2_Mm2_chr19_41879932_41880123	B2a
B2_Mm2_chr19_41891835_41892028	B2a
B2_Mm2_chr19_41892299_41892490	B2a
B2_Mm2_chr19_41894422_41894601	B2b
B2_Mm2_chr19_41903061_41903238	B2a
B3_chr19_41904388_41904615	B2d
B3_chr19_41909184_41909396	B2d
B2_Mm1a_chr19_41913697_41913892	B2a
B3_chr19_41919067_41919278	B2d
B2_Mm1a_chr19_41924873_41925066	B2a
B3_chr19_41936964_41937164	B2d
B2_Mm1t_chr19_41937309_41937484	B2a
B3_chr19_41938751_41938951	B2d
B3A_chr19_41939689_41939887	B2d
B3_chr19_41946026_41946234	B2d
B3A_chr19_41974981_41975161	B2e
B3_chr19_41985269_41985450	B2d
B2_Mm1t_chr19_41986839_41987030	B2a
B2_Mm2_chr19_42012941_42013126	B2a
B3_chr19_42019916_42020097	B2d
B3_chr19_42027285_42027491	B2d
B2_Mm2_chr19_42037540_42037736	B2a
B2_Mm2_chr19_42037945_42038118	B2a
B2_Mm2_chr19_42039761_42039939	B2a
B3A_chr19_42045900_42046102	B2e
B2_Mm2_chr19_42050640_42050838	B2a
B3_chr19_42054840_42055032	B2d
B3_chr19_42067776_42067980	B2e
B2_Mm2_chr19_42070773_42070979	B2b
B2_Mm1a_chr19_42098048_42098239	B2a
B2_Mm1a_chr19_42102968_42103160	B2a
B3_chr19_42107688_42107898	B2d
B3_chr19_42113761_42113941	B2e
B2_Mm1t_chr19_42127893_42128080	B2a
B3_chr19_42129604_42129802	B2d
B2_Mm1t_chr19_42130226_42130429	B2a
B3_chr19_42147458_42147673	B2d
B3_chr19_42151573_42151773	B2d
B3_chr19_42152032_42152247	B2d
B2_Mm2_chr19_42163956_42164144	B2a
B3_chr19_42201061_42201240	B2e
B2_Mm1t_chr19_42220844_42221033	B2a
B2_Mm1a_chr19_42249214_42249409	B2a
B3_chr19_42329926_42330132	B2d
B2_Mm1a_chr19_42390430_42390621	B2a
B3A_chr19_42451581_42451762	B2d
B3_chr19_42580811_42580991	B2e
B3_chr19_42610264_42610443	B2d
B3A_chr19_42688347_42688538	B2e
B2_Mm1a_chr19_42688936_42689122	B2a
B3_chr19_42732502_42732706	B2d
B3_chr19_42765287_42765462	B2d
B3A_chr19_42908363_42908574	B2c
B3_chr19_42980962_42981169	B2d
B3_chr19_42982120_42982304	B2d
B2_Mm1t_chr19_43133445_43133636	B2a
B2_Mm2_chr19_43176403_43176585	B2a
B2_Mm1t_chr19_43176743_43176921	B2a
B3_chr19_43206390_43206591	B2d
B3_chr19_43244263_43244467	B2d
B3_chr19_43259235_43259440	B2d
B3_chr19_43263351_43263546	B2d
B2_Mm1t_chr19_43285794_43285967	B2a
B3_chr19_43317490_43317670	B2d
B3A_chr19_43412837_43413032	B2e
B3_chr19_43417836_43418039	B2d
B3A_chr19_43426222_43426402	B2d
B2_Mm1t_chr19_43462967_43463148	B2a
B3A_chr19_43478429_43478607	B2d
B3_chr19_43503739_43503952	B2d
B3A_chr19_43556861_43557048	B2d
B3_chr19_43565105_43565329	B2c
B3_chr19_43575733_43575913	B2c
B3A_chr19_43585830_43586005	B2c
B2_Mm2_chr19_43647292_43647478	B2a
B2_Mm2_chr19_43655969_43656143	B2b
B3_chr19_43665994_43666169	B2e
B3A_chr19_43694746_43694923	B2d
B3_chr19_43695626_43695817	B2d
B3_chr19_43697453_43697666	B2d
B2_Mm1t_chr19_43701586_43701763	B2a
B2_Mm1t_chr19_43702065_43702255	B2a
B3A_chr19_43710722_43710898	B2e
B2_Mm2_chr19_43715594_43715784	B2b
B3_chr19_43733483_43733673	B2c
B2_Mm1t_chr19_43738042_43738223	B2a
B2_Mm2_chr19_43742903_43743092	B2a
B3_chr19_43758742_43758922	B2e
B3_chr19_43827298_43827491	B2e
B2_Mm1t_chr19_43832642_43832832	B2a
B3_chr19_43838870_43839077	B2d
B2_Mm2_chr19_43841407_43841588	B2b
B3_chr19_43870134_43870333	B2d
B3A_chr19_43870851_43871054	B2e
B3_chr19_43874363_43874546	B2e
B3_chr19_43875776_43875965	B2d
B3A_chr19_43886109_43886293	B2c
B3_chr19_43895054_43895263	B2d
B2_Mm1t_chr19_43895485_43895662	B2a
B3_chr19_43906311_43906505	B2d
B3_chr19_43911516_43911725	B2d
B3_chr19_43913622_43913806	B2e
B2_Mm2_chr19_43921502_43921687	B2a
B2_Mm1t_chr19_43932301_43932491	B2a
B3_chr19_43934212_43934421	B2d
B3_chr19_43934587_43934795	B2d
B3_chr19_43939458_43939658	B2d
B2_Mm2_chr19_43941143_43941323	B2a
B2_Mm2_chr19_43945251_43945437	B2a
B3_chr19_43949708_43949920	B2d
B2_Mm1a_chr19_43952805_43952997	B2a
B2_Mm2_chr19_43955579_43955775	B2a
B3A_chr19_43957879_43958057	B2c
B3_chr19_43975683_43975878	B2d
B3_chr19_43994180_43994369	B2c
B2_Mm2_chr19_43996754_43996952	B2a
B2_Mm1a_chr19_44009551_44009736	B2a
B3A_chr19_44026765_44026940	B2b
B3_chr19_44039648_44039822	B2d
B2_Mm1t_chr19_44041236_44041428	B2a
B3_chr19_44053006_44053192	B2d
B3_chr19_44067008_44067182	B2e
B2_Mm2_chr19_44083186_44083367	B2a
B2_Mm2_chr19_44125938_44126118	B2a
B3_chr19_44130324_44130537	B2d
B2_Mm1a_chr19_44139471_44139660	B2a
B3_chr19_44141477_44141677	B2d
B3_chr19_44163951_44164169	B2d
B3_chr19_44175980_44176179	B2d
B3_chr19_44184282_44184476	B2d
B2_Mm1t_chr19_44188316_44188504	B2a
B3_chr19_44190081_44190288	B2d
B3A_chr19_44192315_44192487	B2e
B2_Mm2_chr19_44199918_44200110	B2a
B3_chr19_44200341_44200564	B2d
B2_Mm1a_chr19_44221087_44221277	B2a
B3A_chr19_44224626_44224831	B2d
B2_Mm1t_chr19_44298099_44298291	B2a
B3_chr19_44304919_44305106	B2e
B2_Mm1a_chr19_44307630_44307820	B2a
B2_Mm1a_chr19_44311111_44311302	B2a
B2_Mm2_chr19_44325596_44325786	B2a
B3_chr19_44329313_44329496	B2d
B3_chr19_44336919_44337096	B2c
B3_chr19_44339606_44339798	B2d
B3A_chr19_44354598_44354800	B2d
B2_Mm1a_chr19_44357488_44357674	B2a
B2_Mm2_chr19_44361764_44361949	B2a
B2_Mm2_chr19_44365542_44365723	B2a
B3_chr19_44368824_44369008	B2d
B2_Mm2_chr19_44392137_44392324	B2a
B3_chr19_44400712_44400911	B2d
B2_Mm2_chr19_44402139_44402314	B2a
B3_chr19_44421642_44421822	B2b
B3_chr19_44435567_44435780	B2d
B3_chr19_44437717_44437926	B2e
B3A_chr19_44442353_44442527	B2d
B3_chr19_44443650_44443852	B2d
B2_Mm2_chr19_44450974_44451148	B2a
B2_Mm2_chr19_44451150_44451336	B2a
B3A_chr19_44452122_44452341	B2d
B2_Mm2_chr19_44459346_44459527	B2a
B3_chr19_44462120_44462323	B2d
B3_chr19_44473320_44473498	B2c
B3A_chr19_44476911_44477105	B2e
B2_Mm1t_chr19_44504849_44505039	B2a
B3_chr19_44513138_44513357	B2d
B2_Mm1a_chr19_44517593_44517789	B2a
B2_Mm2_chr19_44540394_44540568	B2a
B3_chr19_44544799_44545030	B2d
B3_chr19_44555202_44555421	B2d
B3_chr19_44616918_44617088	B2c
B2_Mm1t_chr19_44631626_44631818	B2a
B3_chr19_44669287_44669465	B2c
B3A_chr19_44691913_44692144	B2d
B3_chr19_44704695_44704909	B2d
B3_chr19_44713834_44714033	B2d
B3_chr19_44716870_44717067	B2d
B2_Mm2_chr19_44719548_44719738	B2b
B3_chr19_44720446_44720663	B2d
B2_Mm2_chr19_44757064_44757259	B2b
B2_Mm1t_chr19_44796294_44796466	B2a
B2_Mm1t_chr19_44829249_44829440	B2a
B3A_chr19_44839160_44839368	B2d
B3_chr19_44850071_44850285	B2d
B3A_chr19_44860839_44861045	B2d
B2_Mm2_chr19_44861896_44862082	B2a
B3_chr19_44866225_44866421	B2d
B3_chr19_44903912_44904082	B2d
B2_Mm1t_chr19_44922879_44923057	B2a
B3A_chr19_44934658_44934859	B2e
B3_chr19_44938499_44938680	B2c
B2_Mm2_chr19_44939005_44939194	B2a
B2_Mm1t_chr19_44950188_44950365	B2a
B3A_chr19_44952040_44952220	B2d
B2_Mm2_chr19_44953679_44953870	B2a
B2_Mm1a_chr19_44959067_44959256	B2a
B2_Mm2_chr19_44959677_44959862	B2a
B3_chr19_44988701_44988891	B2d
B3_chr19_44993131_44993332	B2d
B3_chr19_44999730_44999938	B2d
B2_Mm1t_chr19_45022567_45022756	B2a
B2_Mm1t_chr19_45048501_45048684	B2a
B3A_chr19_45054722_45054912	B2e
B3A_chr19_45058843_45059036	B2d
B2_Mm2_chr19_45062277_45062450	B2a
B3_chr19_45070218_45070432	B2d
B3A_chr19_45087228_45087405	B2d
B3A_chr19_45089386_45089584	B2e
B3_chr19_45096132_45096325	B2e
B2_Mm1t_chr19_45101307_45101498	B2a
B2_Mm2_chr19_45111691_45111864	B2a
B2_Mm2_chr19_45123227_45123414	B2a
B3_chr19_45136324_45136534	B2d
B2_Mm1t_chr19_45184967_45185157	B2a
B3_chr19_45189701_45189891	B2d
B2_Mm1t_chr19_45190501_45190685	B2a
B3_chr19_45205246_45205430	B2c
B3_chr19_45244074_45244271	B2d
B3_chr19_45248023_45248205	B2d
B2_Mm1a_chr19_45248409_45248600	B2a
B2_Mm1t_chr19_45250702_45250897	B2a
B2_Mm2_chr19_45252204_45252398	B2b
B3_chr19_45263038_45263236	B2d
B3_chr19_45272518_45272733	B2d
B2_Mm2_chr19_45274174_45274358	B2b
B2_Mm2_chr19_45275092_45275282	B2b
B2_Mm2_chr19_45293632_45293813	B2b
B3_chr19_45303159_45303341	B2c
B3_chr19_45305434_45305625	B2d
B2_Mm1t_chr19_45311932_45312114	B2a
B3A_chr19_45320443_45320631	B2e
B3_chr19_45320988_45321167	B2c
B2_Mm2_chr19_45322321_45322503	B2a
B3_chr19_45322787_45322970	B2c
B2_Mm2_chr19_45323910_45324098	B2a
B3_chr19_45356382_45356566	B2e
B2_Mm2_chr19_45362683_45362873	B2a
B2_Mm2_chr19_45366882_45367080	B2a
B2_Mm1t_chr19_45373433_45373608	B2a
B3A_chr19_45377885_45378100	B2d
B3_chr19_45393094_45393277	B2e
B2_Mm2_chr19_45393344_45393540	B2a
B2_Mm2_chr19_45403085_45403278	B2a
B3A_chr19_45405544_45405720	B2b
B3_chr19_45409234_45409405	B2d
B3A_chr19_45412486_45412660	B2e
B2_Mm1t_chr19_45419753_45419936	B2a
B3_chr19_45442526_45442725	B2d
B3A_chr19_45452677_45452866	B2e
B2_Mm1t_chr19_45455996_45456177	B2a
B2_Mm1t_chr19_45456649_45456834	B2a
B2_Mm1t_chr19_45456956_45457137	B2a
B3A_chr19_45457984_45458185	B2e
B3_chr19_45460293_45460465	B2d
B2_Mm2_chr19_45480321_45480503	B2a
B3_chr19_45480566_45480775	B2e
B3_chr19_45492002_45492180	B2c
B2_Mm2_chr19_45514399_45514598	B2a
B3_chr19_45515108_45515300	B2e
B2_Mm1t_chr19_45549741_45549936	B2a
B2_Mm1a_chr19_45577541_45577729	B2a
B3_chr19_45578032_45578204	B2c
B2_Mm1a_chr19_45597715_45597907	B2a
B3_chr19_45601439_45601628	B2e
B2_Mm1t_chr19_45631568_45631756	B2a
B3_chr19_45659076_45659273	B2d
B2_Mm1t_chr19_45659539_45659715	B2a
B3_chr19_45666041_45666223	B2c
B2_Mm1a_chr19_45676740_45676932	B2a
B3_chr19_45683074_45683274	B2b
B2_Mm2_chr19_45685284_45685468	B2b
B3_chr19_45703649_45703860	B2d
B3_chr19_45745806_45745988	B2d
B3A_chr19_45748301_45748482	B2d
B2_Mm2_chr19_45754717_45754904	B2a
B2_Mm2_chr19_45756862_45757054	B2a
B3_chr19_45760479_45760653	B2d
B2_Mm1t_chr19_45763520_45763702	B2a
B2_Mm2_chr19_45770226_45770412	B2a
B2_Mm1t_chr19_45776251_45776427	B2a
B2_Mm1t_chr19_45776582_45776771	B2a
B2_Mm2_chr19_45778369_45778557	B2a
B2_Mm1t_chr19_45798847_45799036	B2a
B2_Mm2_chr19_45808004_45808194	B2a
B3_chr19_45816298_45816495	B2d
B2_Mm2_chr19_45816803_45816975	B2a
B3_chr19_45824383_45824575	B2d
B2_Mm2_chr19_45829287_45829465	B2a
B3A_chr19_45834867_45835058	B2d
B2_Mm1t_chr19_45846959_45847147	B2a
B3_chr19_45848200_45848385	B2e
B2_Mm1a_chr19_45850473_45850652	B2a
B2_Mm1a_chr19_45855044_45855236	B2a
B3_chr19_45858461_45858664	B2e
B3_chr19_45861150_45861331	B2e
B3_chr19_45869143_45869340	B2d
B2_Mm1a_chr19_45869389_45869585	B2a
B3_chr19_45878777_45878967	B2d
B2_Mm1a_chr19_45883599_45883791	B2a
B2_Mm2_chr19_45895813_45895988	B2b
B3_chr19_45901644_45901864	B2d
B2_Mm2_chr19_45902115_45902301	B2a
B2_Mm1a_chr19_45903314_45903508	B2a
B2_Mm1a_chr19_45918788_45918980	B2a
B2_Mm1a_chr19_45929832_45930024	B2a
B2_Mm2_chr19_45930036_45930219	B2a
B2_Mm2_chr19_45936738_45936924	B2a
B3A_chr19_45937848_45938035	B2c
B3_chr19_45943157_45943350	B2c
B2_Mm2_chr19_45943936_45944122	B2a
B2_Mm1t_chr19_45951780_45951957	B2a
B3_chr19_45958742_45958917	B2c
B3_chr19_45960414_45960622	B2d
B3_chr19_45962417_45962617	B2e
B3_chr19_45964136_45964321	B2d
B2_Mm2_chr19_45969484_45969661	B2a
B2_Mm2_chr19_45975219_45975405	B2a
B3A_chr19_45979415_45979603	B2c
B2_Mm1a_chr19_45980249_45980442	B2a
B3A_chr19_45985367_45985545	B2b
B3A_chr19_45989223_45989439	B2d
B2_Mm2_chr19_45996328_45996500	B2a
B2_Mm1t_chr19_45997515_45997697	B2a
B2_Mm2_chr19_45998121_45998304	B2a
B2_Mm2_chr19_46001244_46001420	B2a
B2_Mm2_chr19_46001858_46002043	B2a
B2_Mm2_chr19_46002047_46002237	B2a
B2_Mm1a_chr19_46006447_46006639	B2a
B3A_chr19_46007776_46007954	B2d
B2_Mm2_chr19_46008443_46008638	B2a
B3A_chr19_46013018_46013217	B2d
B2_Mm1t_chr19_46013228_46013413	B2a
B2_Mm1a_chr19_46017306_46017494	B2a
B2_Mm1a_chr19_46039853_46040048	B2a
B2_Mm2_chr19_46040672_46040844	B2a
B2_Mm2_chr19_46043297_46043480	B2a
B2_Mm2_chr19_46065587_46065778	B2a
B3_chr19_46078282_46078456	B2e
B3A_chr19_46078548_46078723	B2e
B2_Mm1t_chr19_46079423_46079609	B2a
B2_Mm2_chr19_46094278_46094472	B2b
B2_Mm1t_chr19_46103530_46103718	B2a
B2_Mm1a_chr19_46110291_46110479	B2a
B2_Mm1t_chr19_46110657_46110834	B2a
B3_chr19_46116150_46116333	B2c
B3_chr19_46118156_46118335	B2e
B3_chr19_46126264_46126502	B2d
B3_chr19_46127491_46127666	B2b
B3_chr19_46155053_46155266	B2e
B3_chr19_46166770_46166950	B2c
B2_Mm1a_chr19_46169569_46169753	B2a
B3A_chr19_46189274_46189497	B2c
B3_chr19_46189553_46189768	B2d
B3_chr19_46195733_46195941	B2e
B2_Mm1t_chr19_46200366_46200554	B2a
B2_Mm2_chr19_46209287_46209465	B2a
B2_Mm1t_chr19_46212783_46212970	B2a
B3A_chr19_46227108_46227306	B2e
B3_chr19_46228972_46229170	B2d
B3_chr19_46229738_46229917	B2c
B3_chr19_46231219_46231430	B2d
B3_chr19_46264671_46264882	B2d
B2_Mm2_chr19_46265693_46265875	B2b
B3A_chr19_46269870_46270082	B2d
B3_chr19_46270996_46271189	B2d
B2_Mm2_chr19_46273675_46273856	B2a
B2_Mm1a_chr19_46277112_46277292	B2a
B2_Mm2_chr19_46278643_46278837	B2a
B3_chr19_46339686_46339902	B2d
B3_chr19_46341833_46342036	B2d
B3_chr19_46357119_46357336	B2d
B2_Mm1t_chr19_46359247_46359428	B2a
B3A_chr19_46371473_46371645	B2c
B2_Mm2_chr19_46373806_46373984	B2b
B2_Mm1a_chr19_46379691_46379882	B2a
B3_chr19_46380558_46380749	B2d
B3A_chr19_46381948_46382149	B2e
B3_chr19_46402514_46402697	B2d
B3_chr19_46407184_46407368	B2d
B3_chr19_46422576_46422767	B2d
B3_chr19_46433215_46433397	B2d
B3A_chr19_46453595_46453780	B2b
B3A_chr19_46500593_46500765	B2c
B2_Mm1a_chr19_46525128_46525320	B2a
B3_chr19_46533556_46533759	B2e
B2_Mm1a_chr19_46534426_46534609	B2a
B3A_chr19_46545316_46545494	B2e
B2_Mm1t_chr19_46549765_46549952	B2a
B3A_chr19_46550862_46551054	B2d
B3_chr19_46553983_46554167	B2e
B2_Mm1a_chr19_46555330_46555509	B2a
B2_Mm1t_chr19_46559981_46560173	B2a
B3_chr19_46563150_46563335	B2e
B2_Mm2_chr19_46571879_46572078	B2a
B2_Mm2_chr19_46573052_46573228	B2a
B3_chr19_46574638_46574829	B2d
B3A_chr19_46577461_46577650	B2e
B2_Mm2_chr19_46581567_46581750	B2b
B3_chr19_46584271_46584449	B2e
B3_chr19_46604370_46604543	B2e
B3_chr19_46621945_46622164	B2d
B2_Mm2_chr19_46639484_46639677	B2a
B3_chr19_46646180_46646351	B2d
B2_Mm2_chr19_46651652_46651833	B2a
B3_chr19_46661982_46662186	B2d
B3_chr19_46665352_46665570	B2d
B3_chr19_46676898_46677110	B2d
B2_Mm2_chr19_46677186_46677363	B2a
B2_Mm2_chr19_46683178_46683369	B2a
B3_chr19_46701668_46701855	B2d
B2_Mm1t_chr19_46710943_46711120	B2a
B3_chr19_46711606_46711812	B2d
B2_Mm2_chr19_46711914_46712103	B2a
B3_chr19_46713644_46713834	B2d
B3_chr19_46714629_46714808	B2d
B3_chr19_46715308_46715483	B2c
B2_Mm1t_chr19_46720305_46720478	B2a
B2_Mm1t_chr19_46721147_46721338	B2a
B2_Mm1t_chr19_46724254_46724451	B2a
B2_Mm2_chr19_46737474_46737659	B2a
B3A_chr19_46739293_46739470	B2e
B2_Mm1t_chr19_46744361_46744551	B2a
B3_chr19_46753827_46754041	B2d
B2_Mm1a_chr19_46762226_46762417	B2a
B3A_chr19_46798084_46798279	B2d
B3_chr19_46804545_46804738	B2e
B3_chr19_46809137_46809308	B2c
B3_chr19_46811961_46812170	B2d
B2_Mm2_chr19_46818300_46818488	B2a
B3A_chr19_46825471_46825670	B2d
B3_chr19_46834293_46834477	B2c
B2_Mm2_chr19_46836474_46836655	B2a
B3A_chr19_46839668_46839855	B2e
B3_chr19_46839990_46840194	B2d
B3_chr19_46842982_46843187	B2d
B2_Mm2_chr19_46877974_46878161	B2a
B3_chr19_46885671_46885893	B2d
B2_Mm2_chr19_46895518_46895712	B2b
B2_Mm1a_chr19_46904610_46904780	B2a
B3_chr19_46927399_46927603	B2d
B2_Mm2_chr19_46928668_46928841	B2a
B2_Mm2_chr19_46929492_46929668	B2a
B2_Mm2_chr19_46932059_46932235	B2a
B3_chr19_46943678_46943885	B2d
B2_Mm2_chr19_46955528_46955719	B2a
B2_Mm1t_chr19_46956765_46956954	B2a
B3_chr19_46961738_46961955	B2d
B3A_chr19_46962288_46962458	B2b
B2_Mm2_chr19_46962589_46962785	B2a
B3_chr19_46967680_46967866	B2d
B2_Mm2_chr19_46968495_46968675	B2c
B2_Mm1t_chr19_46980862_46981043	B2a
B2_Mm1t_chr19_46988527_46988716	B2a
B2_Mm2_chr19_46994030_46994205	B2a
B3_chr19_46995711_46995892	B2d
B3_chr19_47009205_47009383	B2c
B3_chr19_47009795_47009996	B2e
B2_Mm2_chr19_47017190_47017372	B2a
B3A_chr19_47033904_47034084	B2c
B2_Mm2_chr19_47041487_47041673	B2a
B2_Mm2_chr19_47044881_47045067	B2a
B2_Mm2_chr19_47048882_47049066	B2a
B2_Mm1a_chr19_47062042_47062238	B2a
B3A_chr19_47072998_47073169	B2e
B3_chr19_47088168_47088363	B2d
B2_Mm2_chr19_47103944_47104134	B2a
B3_chr19_47106188_47106403	B2d
B3_chr19_47110120_47110303	B2d
B2_Mm1t_chr19_47130336_47130518	B2a
B2_Mm2_chr19_47143402_47143591	B2b
B2_Mm2_chr19_47149531_47149716	B2a
B2_Mm1a_chr19_47159683_47159875	B2a
B3_chr19_47173859_47174077	B2d
B3_chr19_47200044_47200243	B2d
B3_chr19_47202020_47202215	B2d
B3_chr19_47212408_47212623	B2d
B3_chr19_47223570_47223746	B2c
B3_chr19_47310708_47310919	B2d
B3_chr19_47324876_47325103	B2d
B3_chr19_47360579_47360778	B2d
B2_Mm1a_chr19_47365846_47366036	B2a
B3A_chr19_47378361_47378550	B2d
B3_chr19_47385288_47385484	B2d
B2_Mm2_chr19_47388402_47388581	B2a
B2_Mm2_chr19_47423543_47423742	B2a
B3_chr19_47454031_47454206	B2d
B3_chr19_47455654_47455854	B2d
B2_Mm2_chr19_47458002_47458192	B2a
B2_Mm2_chr19_47463989_47464180	B2a
B2_Mm2_chr19_47470654_47470838	B2a
B3_chr19_47473737_47473914	B2c
B2_Mm1t_chr19_47478779_47478981	B2a
B3_chr19_47517745_47517932	B2e
B3_chr19_47520994_47521173	B2d
B3A_chr19_47534402_47534616	B2d
B3_chr19_47560047_47560241	B2d
B2_Mm1a_chr19_47561361_47561553	B2a
B3_chr19_47564697_47564905	B2d
B2_Mm1t_chr19_47571916_47572107	B2a
B2_Mm1a_chr19_47595087_47595271	B2a
B3_chr19_47598052_47598258	B2d
B2_Mm2_chr19_47598827_47599019	B2a
B2_Mm2_chr19_47604059_47604242	B2a
B3_chr19_47604374_47604576	B2d
B3_chr19_47620612_47620822	B2d
B2_Mm2_chr19_47626959_47627140	B2a
B3_chr19_47675401_47675594	B2d
B3_chr19_47701439_47701639	B2d
B3_chr19_47704652_47704847	B2d
B3A_chr19_47745304_47745507	B2d
B2_Mm2_chr19_47781772_47781951	B2a
B3_chr19_47808469_47808681	B2d
B3A_chr19_47845474_47845652	B2e
B2_Mm1a_chr19_47862085_47862271	B2a
B3_chr19_47876545_47876754	B2d
B3_chr19_47877144_47877346	B2d
B3A_chr19_47888205_47888383	B2d
B3_chr19_47888519_47888704	B2d
B3_chr19_47911408_47911619	B2d
B3_chr19_47938840_47939059	B2d
B3_chr19_47954069_47954277	B2d
B3_chr19_47971418_47971628	B2d
B3A_chr19_48001147_48001318	B2e
B3A_chr19_48071937_48072107	B2c
B3_chr19_48123259_48123449	B2d
B3A_chr19_48164909_48165095	B2d
B3_chr19_48175235_48175434	B2d
B3_chr19_48249857_48250037	B2e
B3_chr19_48268063_48268258	B2e
B3_chr19_48318784_48318979	B2e
B2_Mm2_chr19_48540408_48540603	B2a
B3A_chr19_48635448_48635637	B2e
B3_chr19_48707347_48707562	B2d
B3_chr19_48762180_48762394	B2d
B3_chr19_48775242_48775447	B2d
B3A_chr19_48818572_48818776	B2d
B3_chr19_48850857_48851030	B2d
B3A_chr19_48877835_48878020	B2d
B3_chr19_49025341_49025549	B2e
B3A_chr19_49096287_49096472	B2e
B3_chr19_49115402_49115607	B2d
B3A_chr19_49162803_49162974	B2e
B3A_chr19_49192726_49192911	B2d
B3A_chr19_49340863_49341069	B2d
B3A_chr19_49494651_49494827	B2d
B3_chr19_49638530_49638720	B2d
B2_Mm1t_chr19_49683100_49683289	B2a
B3_chr19_49753476_49753658	B2d
B3_chr19_49763134_49763340	B2d
B3_chr19_49776816_49777009	B2d
B3_chr19_49884376_49884561	B2d
B2_Mm2_chr19_50011974_50012156	B2a
B3_chr19_50038373_50038581	B2d
B3A_chr19_50047375_50047592	B2d
B3_chr19_50050799_50050997	B2d
B3_chr19_50132370_50132586	B2d
B3A_chr19_50200332_50200527	B2e
B3A_chr19_50219590_50219765	B2e
B2_Mm2_chr19_50231313_50231492	B2b
B3_chr19_50244430_50244618	B2d
B3A_chr19_50262987_50263171	B2e
B3A_chr19_50289246_50289429	B2e
B3_chr19_50297908_50298109	B2e
B3A_chr19_50379560_50379767	B2d
B3_chr19_50409034_50409240	B2d
B3_chr19_50443127_50443330	B2d
B2_Mm2_chr19_50444274_50444451	B2a
B2_Mm2_chr19_50468685_50468856	B2a
B3_chr19_50511471_50511666	B2d
B3A_chr19_50554557_50554767	B2e
B3A_chr19_50591430_50591633	B2e
B3A_chr19_50634568_50634771	B2e
B3A_chr19_50636169_50636400	B2b
B2_Mm1a_chr19_50768154_50768344	B2a
B2_Mm2_chr19_50891170_50891354	B2a
B3_chr19_50955164_50955358	B2e
B3_chr19_51080817_51081017	B2d
B3_chr19_51084765_51084968	B2d
B3_chr19_51192365_51192569	B2d
B2_Mm2_chr19_51305331_51305528	B2a
B2_Mm2_chr19_51328519_51328718	B2d
B3_chr19_51364752_51364956	B2e
B3_chr19_51559143_51559336	B2d
B3_chr19_51624954_51625130	B2d
B2_Mm1t_chr19_51625323_51625515	B2a
B3A_chr19_51854666_51854846	B2c
B3A_chr19_51855688_51855884	B2d
B3A_chr19_52130965_52131143	B2d
B3_chr19_52155828_52156024	B2c
B3_chr19_52412699_52412888	B2d
B3A_chr19_52483885_52484072	B2d
B2_Mm2_chr19_52600953_52601146	B2a
B3A_chr19_52622443_52622635	B2e
B3A_chr19_52708835_52709033	B2d
B3_chr19_52757893_52758111	B2d
B2_Mm1t_chr19_52796162_52796338	B2a
B3A_chr19_52821031_52821227	B2e
B2_Mm2_chr19_52849140_52849331	B2a
B2_Mm2_chr19_52929142_52929324	B2a
B2_Mm2_chr19_52940502_52940686	B2a
B3_chr19_52965499_52965707	B2d
B3_chr19_53024485_53024679	B2d
B2_Mm2_chr19_53036689_53036889	B2a
B3A_chr19_53051793_53051981	B2e
B2_Mm1a_chr19_53057742_53057922	B2a
B3A_chr19_53062093_53062264	B2d
B3_chr19_53062832_53063036	B2d
B3_chr19_53094576_53094774	B2d
B2_Mm2_chr19_53099217_53099413	B2b
B3A_chr19_53101786_53101977	B2e
B3_chr19_53106680_53106856	B2c
B3_chr19_53146417_53146606	B2d
B3_chr19_53160835_53161039	B2d
B3_chr19_53166303_53166493	B2d
B3_chr19_53170506_53170704	B2d
B3_chr19_53171214_53171418	B2d
B3A_chr19_53178477_53178674	B2e
B2_Mm1t_chr19_53188416_53188612	B2a
B3A_chr19_53194938_53195124	B2e
B2_Mm2_chr19_53266473_53266660	B2a
B3_chr19_53297131_53297336	B2d
B3A_chr19_53303343_53303517	B2e
B3_chr19_53304218_53304388	B2d
B2_Mm1t_chr19_53310946_53311120	B2a
B2_Mm2_chr19_53324927_53325114	B2a
B2_Mm1t_chr19_53329570_53329743	B2a
B3_chr19_53332024_53332219	B2e
B3_chr19_53335805_53335997	B2d
B3A_chr19_53342819_53342992	B2d
B3_chr19_53345301_53345475	B2c
B3A_chr19_53350629_53350807	B2e
B3_chr19_53351463_53351650	B2d
B3_chr19_53381875_53382057	B2d
B2_Mm2_chr19_53390454_53390654	B2b
B2_Mm2_chr19_53390739_53390927	B2b
B2_Mm1a_chr19_53395253_53395442	B2a
B3_chr19_53396202_53396410	B2d
B3_chr19_53441390_53441575	B2e
B3_chr19_53505189_53505386	B2e
B3A_chr19_53521687_53521862	B2d
B3_chr19_53522769_53522948	B2c
B3_chr19_53534728_53534942	B2d
B3A_chr19_53536411_53536585	B2d
B3_chr19_53542209_53542417	B2d
B2_Mm1a_chr19_53544977_53545165	B2a
B3_chr19_53547112_53547304	B2e
B3_chr19_53550360_53550567	B2e
B3_chr19_53551746_53551942	B2d
B2_Mm1t_chr19_53557799_53557991	B2a
B2_Mm1a_chr19_53571972_53572163	B2a
B3_chr19_53574077_53574262	B2d
B2_Mm1t_chr19_53597976_53598169	B2a
B2_Mm2_chr19_53598413_53598599	B2b
B3A_chr19_53604465_53604637	B2e
B2_Mm1a_chr19_53620579_53620766	B2a
B2_Mm2_chr19_53625070_53625259	B2a
B3_chr19_53627894_53628075	B2c
B3A_chr19_53631584_53631763	B2d
B2_Mm1a_chr19_53632577_53632753	B2a
B2_Mm2_chr19_53640214_53640390	B2b
B2_Mm1t_chr19_53644597_53644785	B2a
B3_chr19_53656579_53656759	B2c
B2_Mm2_chr19_53660725_53660917	B2a
B2_Mm2_chr19_53690297_53690480	B2a
B2_Mm1t_chr19_53690725_53690901	B2a
B2_Mm2_chr19_53707428_53707603	B2a
B2_Mm1a_chr19_53709919_53710102	B2a
B3_chr19_53710530_53710741	B2d
B2_Mm1a_chr19_53712357_53712550	B2a
B3_chr19_53716280_53716458	B2d
B2_Mm2_chr19_53716691_53716862	B2a
B2_Mm2_chr19_53735576_53735767	B2a
B3_chr19_53737887_53738060	B2d
B2_Mm1a_chr19_53752107_53752300	B2a
B3_chr19_53768484_53768682	B2e
B3_chr19_53778991_53779177	B2c
B2_Mm1t_chr19_53791583_53791766	B2a
B3_chr19_53796296_53796482	B2d
B3_chr19_53811342_53811541	B2d
B3_chr19_53862907_53863114	B2e
B2_Mm2_chr19_53867360_53867546	B2a
B3A_chr19_53914142_53914331	B2d
B2_Mm1t_chr19_53924346_53924536	B2a
B3_chr19_53925017_53925192	B2c
B3_chr19_53935956_53936158	B2e
B3_chr19_53947382_53947591	B2e
B3_chr19_53949063_53949253	B2d
B3A_chr19_53972839_53973041	B2c
B3_chr19_54090821_54091032	B2d
B3_chr19_54107230_54107416	B2d
B3A_chr19_54138113_54138303	B2e
B3A_chr19_54227827_54228011	B2d
B3_chr19_54282307_54282507	B2d
B3_chr19_54313512_54313692	B2d
B3_chr19_54361478_54361688	B2d
B3_chr19_54381740_54381950	B2d
B3_chr19_54456778_54456984	B2d
B3A_chr19_54596617_54596788	B2d
B3_chr19_54603329_54603540	B2d
B3A_chr19_54637738_54637926	B2e
B3A_chr19_54668897_54669093	B2d
B2_Mm2_chr19_54672038_54672221	B2b
B3_chr19_54678576_54678760	B2e
B3A_chr19_54709159_54709365	B2e
B3_chr19_54811068_54811286	B2d
B3_chr19_54834989_54835205	B2d
B2_Mm1t_chr19_54876916_54877092	B2a
B3A_chr19_54912670_54912845	B2d
B2_Mm2_chr19_55061574_55061762	B2b
B3_chr19_55072596_55072806	B2d
B3_chr19_55147692_55147910	B2d
B2_Mm2_chr19_55163447_55163632	B2a
B2_Mm2_chr19_55197175_55197378	B2a
B3_chr19_55212252_55212447	B2d
B3_chr19_55216775_55216973	B2d
B3_chr19_55309542_55309742	B2e
B2_Mm2_chr19_55315653_55315846	B2b
B3_chr19_55320021_55320216	B2d
B3_chr19_55332076_55332283	B2d
B3_chr19_55347584_55347769	B2d
B3_chr19_55382564_55382753	B2d
B3_chr19_55414570_55414759	B2d
B3A_chr19_55428967_55429176	B2d
B3A_chr19_55454043_55454239	B2d
B3_chr19_55467313_55467515	B2d
B2_Mm1a_chr19_55579518_55579705	B2a
B3_chr19_55633302_55633484	B2c
B3_chr19_55654818_55655020	B2d
B3A_chr19_55670472_55670666	B2c
B2_Mm1a_chr19_55697529_55697718	B2a
B3_chr19_55705525_55705735	B2d
B2_Mm1a_chr19_55713101_55713289	B2a
B3_chr19_55750994_55751200	B2d
B3A_chr19_55797513_55797717	B2d
B3_chr19_55822222_55822425	B2d
B2_Mm2_chr19_55868077_55868276	B2b
B3A_chr19_56041273_56041452	B2d
B3A_chr19_56056921_56057109	B2e
B3A_chr19_56089050_56089242	B2d
B3_chr19_56129082_56129284	B2d
B2_Mm1t_chr19_56141550_56141737	B2a
B2_Mm2_chr19_56201955_56202133	B2b
B2_Mm1a_chr19_56204071_56204258	B2a
B3A_chr19_56205027_56205226	B2d
B3_chr19_56363826_56364002	B2d
B2_Mm1a_chr19_56394055_56394248	B2a
B2_Mm2_chr19_56435160_56435347	B2a
B3A_chr19_56437331_56437529	B2e
B3A_chr19_56492416_56492602	B2d
B3A_chr19_56527388_56527580	B2e
B2_Mm2_chr19_56541748_56541928	B2b
B2_Mm2_chr19_56569206_56569396	B2a
B3A_chr19_56607545_56607741	B2d
B2_Mm2_chr19_56682734_56682922	B2a
B3A_chr19_56695385_56695577	B2e
B2_Mm2_chr19_56721298_56721494	B2a
B3_chr19_56723092_56723296	B2d
B2_Mm1t_chr19_56743091_56743277	B2a
B2_Mm2_chr19_56767831_56768007	B2a
B2_Mm2_chr19_56780094_56780283	B2a
B3_chr19_56783956_56784129	B2e
B3A_chr19_56802775_56803015	B2d
B3_chr19_56816491_56816674	B2c
B3_chr19_56842253_56842424	B2d
B3_chr19_56924277_56924473	B2e
B3_chr19_56933345_56933519	B2d
B3A_chr19_56955056_56955270	B2d
B3A_chr19_56966730_56966924	B2c
B3_chr19_56999808_56999997	B2d
B3_chr19_57043581_57043762	B2c
B2_Mm2_chr19_57044413_57044594	B2a
B3_chr19_57046124_57046303	B2d
B2_Mm2_chr19_57051002_57051182	B2a
B2_Mm2_chr19_57063257_57063444	B2a
B2_Mm2_chr19_57068752_57068946	B2a
B2_Mm1a_chr19_57070470_57070662	B2a
B3A_chr19_57096457_57096629	B2d
B3A_chr19_57102387_57102561	B2c
B3_chr19_57106362_57106538	B2c
B3A_chr19_57108731_57108915	B2e
B3_chr19_57112896_57113100	B2d
B2_Mm2_chr19_57140274_57140461	B2a
B3_chr19_57141458_57141657	B2d
B3_chr19_57148450_57148627	B2e
B2_Mm2_chr19_57149796_57150077	B2d
B3A_chr19_57207605_57207780	B2e
B3_chr19_57240889_57241093	B2d
B2_Mm2_chr19_57281903_57282094	B2a
B3_chr19_57318845_57319051	B2e
B3A_chr19_57323683_57323861	B2c
B3A_chr19_57327931_57328132	B2d
B3A_chr19_57347410_57347608	B2d
B3A_chr19_57367796_57367987	B2e
B3_chr19_57374006_57374186	B2d
B3A_chr19_57427189_57427377	B2d
B3A_chr19_57428793_57428972	B2d
B3_chr19_57445622_57445823	B2d
B3_chr19_57464395_57464594	B2e
B3_chr19_57474114_57474313	B2d
B3A_chr19_57483354_57483528	B2d
B3A_chr19_57521871_57522057	B2d
B2_Mm2_chr19_57567628_57567808	B2a
B3_chr19_57568384_57568574	B2d
B3_chr19_57592279_57592501	B2d
B3A_chr19_57604028_57604211	B2d
B3_chr19_57604743_57604923	B2e
B2_Mm2_chr19_57605471_57605663	B2b
B3A_chr19_57622123_57622308	B2d
B3_chr19_57657463_57657644	B2d
B3_chr19_57706225_57706444	B2d
B2_Mm2_chr19_57718096_57718287	B2a
B2_Mm2_chr19_57736655_57736845	B2a
B2_Mm2_chr19_57807583_57807762	B2a
B3_chr19_57809438_57809642	B2d
B3_chr19_57848859_57849056	B2d
B3_chr19_57901600_57901808	B2d
B3_chr19_57977933_57978140	B2d
B3_chr19_58152326_58152524	B2d
B3A_chr19_58157808_58157997	B2e
B3A_chr19_58175716_58175908	B2d
B3A_chr19_58312801_58312997	B2e
B3_chr19_58398841_58399053	B2d
B3_chr19_58520794_58520974	B2e
B2_Mm2_chr19_58528241_58528432	B2a
B3A_chr19_58555554_58555741	B2d
B3A_chr19_58559925_58560120	B2e
B2_Mm2_chr19_58598590_58598782	B2a
B3A_chr19_58606834_58607015	B2d
B3A_chr19_58609362_58609534	B2e
B3_chr19_58609681_58609858	B2d
B3A_chr19_58617312_58617494	B2e
B3_chr19_58632896_58633110	B2e
B2_Mm2_chr19_58646407_58646596	B2a
B3_chr19_58649426_58649614	B2d
B3_chr19_58685774_58685987	B2d
B3A_chr19_58754124_58754304	B2e
B2_Mm2_chr19_58810159_58810349	B2a
B3_chr19_58833073_58833253	B2c
B3A_chr19_58841090_58841300	B2d
B3A_chr19_58851550_58851748	B2d
B3_chr19_58853055_58853228	B2e
B3A_chr19_58925318_58925512	B2e
B3_chr19_58945136_58945309	B2d
B3_chr19_58991946_58992143	B2d
B2_Mm2_chr19_59000073_59000258	B2a
B3_chr19_59005462_59005659	B2d
B3_chr19_59007842_59008028	B2d
B3_chr19_59017086_59017301	B2d
B3A_chr19_59051867_59052053	B2e
B3A_chr19_59077895_59078074	B2e
B2_Mm1a_chr19_59095287_59095474	B2a
B3_chr19_59098452_59098671	B2d
B3_chr19_59112981_59113174	B2c
B3A_chr19_59113525_59113722	B2e
B2_Mm2_chr19_59136597_59136787	B2a
B3_chr19_59165025_59165212	B2e
B3_chr19_59185605_59185779	B2c
B2_Mm1a_chr19_59194548_59194739	B2a
B2_Mm1t_chr19_59195909_59196098	B2a
B3_chr19_59291430_59291642	B2d
B2_Mm2_chr19_59294685_59294861	B2a
B3_chr19_59297524_59297728	B2d
B2_Mm2_chr19_59344350_59344540	B2a
B3_chr19_59364645_59364852	B2d
B2_Mm2_chr19_59366747_59366937	B2a
B2_Mm2_chr19_59402658_59402844	B2b
B3A_chr19_59411428_59411634	B2d
B3_chr19_59486957_59487133	B2d
B2_Mm2_chr19_59489908_59490090	B2a
B3A_chr19_59500684_59500860	B2d
B3_chr19_59516534_59516722	B2e
B3A_chr19_59521574_59521778	B2d
B2_Mm1t_chr19_59553741_59553930	B2a
B3A_chr19_59589039_59589226	B2d
B3_chr19_59713967_59714162	B2d
B3_chr19_59728447_59728748	B2c
B3A_chr19_59777763_59777948	tie_B2d_B2e
B3A_chr19_59868765_59868942	B2e
B3A_chr19_59993181_59993378	B2e
B2_Mm1a_chr19_60060720_60060909	B2a
B3_chr19_60188196_60188375	B2d
B3A_chr19_60197165_60197383	B2d
B3_chr19_60242415_60242620	B2d
B3A_chr19_60247140_60247341	B2d
B3_chr19_60249806_60250013	B2d
B2_Mm2_chr19_60268074_60268245	B2b
B3_chr19_60294799_60295009	B2d
B3_chr19_60301720_60301901	B2d
B2_Mm1t_chr19_60325322_60325513	B2a
B3A_chr19_60333505_60333676	B2d
B3A_chr19_60345511_60345696	B2e
B2_Mm2_chr19_60357989_60358170	B2a
B3A_chr19_60358729_60358922	B2e
B3A_chr19_60383031_60383213	B2e
B3_chr19_60399570_60399751	B2d
B2_Mm1t_chr19_60436210_60436386	B2a
B2_Mm2_chr19_60450714_60450907	B2b
B3A_chr19_60451114_60451313	B2d
B3A_chr19_60472322_60472509	B2d
B3_chr19_60483806_60483982	B2d
B3_chr19_60534306_60534513	B2d
B3A_chr19_60535507_60535696	B2c
B3_chr19_60537751_60537939	B2c
B2_Mm1a_chr19_60541024_60541214	B2a
B2_Mm2_chr19_60574304_60574498	B2a
B3A_chr19_60587342_60587527	B2e
B3A_chr19_60591473_60591659	B2e
B3A_chr19_60593860_60594076	B2d
B3_chr19_60599004_60599193	B2d
B3_chr19_60606906_60607103	B2d
B3A_chr19_60624019_60624207	B2d
B3A_chr19_60641312_60641488	B2e
B3A_chr19_60643057_60643257	B2e
B3_chr19_60644265_60644461	B2d
B2_Mm2_chr19_60703267_60703461	B2a
B3_chr19_60722432_60722647	B2d
B2_Mm2_chr19_60733907_60734087	B2a
B2_Mm1a_chr19_60741826_60742011	B2a
B2_Mm2_chr19_60768900_60769082	B2a
B3_chr19_60780818_60781026	B2d
B3_chr19_60784056_60784260	B2d
B2_Mm1t_chr19_60784509_60784697	B2a
B3_chr19_60796351_60796547	B2d
B3_chr19_60800854_60801026	B2d
B2_Mm2_chr19_60806430_60806625	B2a
B2_Mm2_chr19_60808482_60808671	B2a
B2_Mm2_chr19_60811032_60811223	B2a
B2_Mm2_chr19_60811605_60811776	B2b
B3_chr19_60813115_60813335	B2d
B3_chr19_60824824_60825022	B2d
B2_Mm1a_chr19_60826062_60826241	B2a
B2_Mm1t_chr19_60828823_60828999	B2a
B2_Mm2_chr19_60839009_60839198	B2b
B3A_chr19_60853891_60854100	B2e
B2_Mm1t_chr19_60856372_60856549	B2a
B2_Mm2_chr19_60859053_60859235	B2a
B2_Mm1a_chr19_60864402_60864606	B2a
B3A_chr19_60906121_60906334	B2d
B3A_chr19_60959472_60959682	B2e
B3_chr19_60961513_60961712	B2e
B3_chr19_60981913_60982106	B2d
B3A_chr19_60999452_60999641	B2d
B2_Mm2_chr19_61014015_61014208	B2a
B3_chr19_61048516_61048711	B2e
B2_Mm2_chr19_61051770_61051962	B2a
B3_chr19_61070857_61071051	B2d
B2_Mm1a_chr19_61092490_61092682	B2a
B2_Mm2_chr19_61130630_61130818	B2a
B2_Mm2_chr19_61133846_61134029	B2a
B2_Mm1t_chr19_61134427_61134619	B2a
B2_Mm2_chr19_61134988_61135174	B2b
B2_Mm2_chr19_61138507_61138683	B2a
B2_Mm1t_chr19_61148774_61148951	B2a
B2_Mm2_chr19_61154929_61155123	B2a
B2_Mm2_chr19_61166270_61166456	B2a
B3_chr19_61166537_61166731	B2d
B2_Mm2_chr19_61211146_61211336	B2a
B2_Mm1a_chr19_61297750_61297940	B2a
B2_Mm2_chr19_61306751_61306944	B2a
B3_chr19_61317470_61317680	B2d
