B2_Mm1a_chr19_15922648_15922841	B2a
B3_chr19_58833073_58833253	B2c
B2_Mm2_chr19_46278643_46278837	B2a
B3A_chr19_9033782_9033967	B2c
B2_Mm1a_chr19_10243311_10243503	B2a
B3_chr19_30174854_30175066	B2d
B3_chr19_41491517_41491687	B2c
B3_chr19_22187238_22187427	B2b
B2_Mm2_chr19_20916240_20916437	B2a
B2_Mm2_chr19_59489908_59490090	B2a
B3A_chr19_47033904_47034084	B2c
B3_chr19_10385110_10385302	B2c
B3_chr19_36689710_36689926	B2d
B2_Mm1t_chr19_6406738_6406930	B2a
B3_chr19_26512961_26513143	B2d
B3_chr19_14512692_14512906	B2d
B2_Mm2_chr19_3928963_3929137	B2b
B3_chr19_29908425_29908635	B2d
B3_chr19_38159798_38159971	B2c
B3_chr19_3726180_3726360	B2c
B3_chr19_29637132_29637304	B2d
B2_Mm2_chr19_38883885_38884091	B2b
B3_chr19_40973583_40973789	B2d
B2_Mm2_chr19_6192203_6192377	B2a
B2_Mm2_chr19_45943936_45944122	B2a
B3A_chr19_43957879_43958057	B2c
B3_chr19_9903125_9903305	B2c
B3A_chr19_31689901_31690087	B2d
B3_chr19_46621945_46622164	B2d
B3_chr19_35965998_35966175	B2c
B3_chr19_5262640_5262825	B2c
B3A_chr19_4431737_4431925	B2d
B3_chr19_26475332_26475514	B2c
B2_Mm2_chr19_3441652_3441835	B2a
B3A_chr19_15963328_15963531	B2d
B3_chr19_38740457_38740634	B2d
B3A_chr19_60451114_60451313	B2d
B3A_chr19_18316803_18316990	B2c
B3A_chr19_27852842_27853034	B2c
B3_chr19_25068831_25069008	B2c
B3_chr19_27174022_27174201	B2c
B3_chr19_28040559_28040739	B2c
B3_chr19_60537751_60537939	B2c
B2_Mm2_chr19_59344350_59344540	B2a
B2_Mm1a_chr19_57070470_57070662	B2a
B2_Mm2_chr19_60808482_60808671	B2a
B3_chr19_18733944_18734137	B2d
B3_chr19_38454658_38454854	B2d
B2_Mm1t_chr19_38834072_38834267	B2a
B3_chr19_21650784_21650980	B2c
B3_chr19_24037492_24037671	B2c
B3_chr19_44993131_44993332	B2d
B2_Mm1t_chr19_46980862_46981043	B2a
B2_Mm2_chr19_38872836_38873024	B2a
B2_Mm2_chr19_44953679_44953870	B2a
B3A_chr19_5243719_5243898	B2c
B2_Mm2_chr19_58810159_58810349	B2a
B3_chr19_4538452_4538629	B2c
B2_Mm2_chr19_47423543_47423742	B2a
B2_Mm2_chr19_41767206_41767399	B2a
B3_chr19_5787566_5787751	B2d
B2_Mm1a_chr19_41436757_41436951	B2a
B3_chr19_41936964_41937164	B2d
B3_chr19_37467128_37467311	B2c
B2_Mm2_chr19_5299315_5299500	B2a
B3_chr19_38764747_38764951	B2d
B3A_chr19_14785865_14786073	B2d
B2_Mm1a_chr19_31110779_31110975	B2a
B2_Mm1a_chr19_53620579_53620766	B2a
B3_chr19_44473320_44473498	B2c
B2_Mm1t_chr19_5070404_5070581	B2a
B2_Mm2_chr19_24830478_24830659	B2b
B3_chr19_41791388_41791569	B2d
B3_chr19_57106362_57106538	B2c
B3_chr19_45303159_45303341	B2c
B2_Mm2_chr19_43715594_43715784	B2b
B3_chr19_38904208_38904398	B2d
B3_chr19_36240194_36240395	B2d
B3_chr19_47009205_47009383	B2c
B2_Mm1a_chr19_22231348_22231543	B2a
B2_Mm1t_chr19_43701586_43701763	B2a
B3_chr19_23571705_23571885	B2c
B3_chr19_6728973_6729175	B2d
B2_Mm2_chr19_30974937_30975125	B2b
B3A_chr19_19308348_19308544	B2c
B3_chr19_25080449_25080646	B2d
B3_chr19_5999071_5999262	B2c
B3_chr19_40318312_40318514	B2d
B3_chr19_24084619_24084838	B2c
B3A_chr19_45058843_45059036	B2d
B3A_chr19_27660909_27661083	B2c
B2_Mm1t_chr19_53310946_53311120	B2a
B2_Mm1t_chr19_47571916_47572107	B2a
B3_chr19_55633302_55633484	B2c
B3A_chr19_6175969_6176160	B2d
B3_chr19_53627894_53628075	B2c
B2_Mm1a_chr19_32655642_32655840	B2a
B3_chr19_38046775_38046984	B2d
B3A_chr19_44691913_44692144	B2d
B3A_chr19_21367787_21367990	B2d
B3_chr19_29728227_29728406	B2c
B2_Mm2_chr19_20562613_20562798	B2a
B3A_chr19_17111322_17111501	B2d
B2_Mm2_chr19_43996754_43996952	B2a
B3_chr19_4736445_4736623	B2c
B3A_chr19_60535507_60535696	B2c
B3_chr19_45205246_45205430	B2c
B2_Mm1t_chr19_46079423_46079609	B2a
B3_chr19_12568021_12568236	B2d
B3_chr19_24540157_24540350	B2c
B3_chr19_25665548_25665750	B2d
B3_chr19_41985269_41985450	B2d
B3_chr19_15859041_15859234	B2c
B3A_chr19_11997388_11997559	B2c
B2_Mm2_chr19_45252204_45252398	B2b
B2_Mm1t_chr19_36875090_36875276	B2a
B2_Mm2_chr19_8887211_8887427	B2b
B2_Mm1a_chr19_29017983_29018169	B2a
B3A_chr19_28855645_28855816	B2c
B2_Mm2_chr19_34586435_34586616	B2a
B2_Mm1a_chr19_3256559_3256750	B2a
B2_Mm2_chr19_37946153_37946337	B2a
B3_chr19_34406786_34406991	B2d
B2_Mm1a_chr19_28676741_28676934	B2a
B2_Mm2_chr19_3779050_3779243	B2b
B3A_chr19_52483885_52484072	B2d
B3_chr19_40878520_40878704	B2c
B3_chr19_32794720_32794896	B2d
B2_Mm2_chr19_38327459_38327650	B2a
B3_chr19_4394827_4395026	B2c
B2_Mm2_chr19_10517261_10517456	B2a
B2_Mm1a_chr19_59194548_59194739	B2a
B3_chr19_48775242_48775447	B2d
B3_chr19_46166770_46166950	B2c
B2_Mm2_chr19_37121109_37121300	B2a
B2_Mm2_chr19_45111691_45111864	B2a
B3A_chr19_6408650_6408827	B2c
B3_chr19_6153864_6154070	B2d
B2_Mm1t_chr19_38245792_38245982	B2a
B3_chr19_3580522_3580702	B2c
B3_chr19_37280529_37280701	B2c
B2_Mm1t_chr19_53597976_53598169	B2a
B3_chr19_47473737_47473914	B2c
B2_Mm1a_chr19_10231383_10231574	B2a
B2_Mm1t_chr19_41486480_41486669	B2a
B2_Mm2_chr19_4487072_4487246	B2a
B3A_chr19_56802775_56803015	B2d
B2_Mm2_chr19_55061574_55061762	B2b
B2_Mm1t_chr19_45659539_45659715	B2a
B3_chr19_10491814_10491996	B2c
B3_chr19_32025137_32025347	B2d
B3_chr19_53345301_53345475	B2c
B3A_chr19_3807182_3807357	B2c
B3_chr19_7038073_7038261	B2d
B3A_chr19_22236700_22236887	B2c
B3_chr19_50038373_50038581	B2d
B3_chr19_47223570_47223746	B2c
B2_Mm1t_chr19_8665582_8665766	B2a
B2_Mm2_chr19_61138507_61138683	B2a
B3_chr19_38809414_38809594	B2d
B3A_chr19_34034496_34034701	B2c
B3_chr19_53522769_53522948	B2c
B3_chr19_45492002_45492180	B2c
B3_chr19_5986515_5986703	B2b
B3_chr19_8666275_8666461	B2c
B2_Mm1t_chr19_45190501_45190685	B2a
B3_chr19_44462120_44462323	B2d
B3_chr19_5917220_5917393	B2c
B2_Mm2_chr19_9444574_9444757	B2a
B3_chr19_15210227_15210420	B2d
B3A_chr19_24068952_24069129	B2c
B2_Mm2_chr19_15904834_15905024	B2a
B2_Mm2_chr19_34630335_34630509	B2a
B3A_chr19_31933304_31933507	B2c
B2_Mm1a_chr19_20894189_20894373	B2a
B2_Mm2_chr19_7322254_7322443	B2a
B3_chr19_16502497_16502680	B2d
B2_Mm1a_chr19_47365846_47366036	B2a
B3A_chr19_3746363_3746546	B2c
B2_Mm1t_chr19_21706091_21706275	B2a
B2_Mm2_chr19_7339011_7339196	B2a
B3A_chr19_56966730_56966924	B2c
B3A_chr19_57102387_57102561	B2c
B3_chr19_37305304_37305505	B2d
B3A_chr19_28899067_28899243	B2c
B3_chr19_8880097_8880319	B2d
B3_chr19_53925017_53925192	B2c
B3_chr19_32901684_32901859	B2c
B2_Mm2_chr19_5782874_5783046	B2a
B3_chr19_49115402_49115607	B2d
B2_Mm2_chr19_28789165_28789354	B2a
B2_Mm1t_chr19_53791583_53791766	B2a
B3_chr19_46189553_46189768	B2d
B3A_chr19_43886109_43886293	B2c
B3_chr19_17545163_17545377	B2d
B3A_chr19_15164566_15164754	B2d
B3_chr19_59728447_59728748	B2c
B3A_chr19_25685183_25685359	B2d
B3_chr19_20202305_20202485	B2c
B2_Mm2_chr19_42070773_42070979	B2b
B3_chr19_31251687_31251870	B2c
B2_Mm2_chr19_56682734_56682922	B2a
B2_Mm1a_chr19_32666628_32666819	B2a
B3_chr19_38453311_38453523	B2d
B3_chr19_37162673_37162865	B2c
B2_Mm2_chr19_6288323_6288496	B2a
B2_Mm2_chr19_38975003_38975192	B2b
B2_Mm1a_chr19_35926729_35926923	B2a
B3_chr19_16012829_16013006	B2d
B3_chr19_20483089_20483295	B2d
B2_Mm1t_chr19_53690725_53690901	B2a
B2_Mm2_chr19_38161847_38162029	B2b
B3A_chr19_44452122_44452341	B2d
B2_Mm2_chr19_38936231_38936413	B2b
B3_chr19_37585918_37586126	B2d
B3A_chr19_5864966_5865147	B2c
B3A_chr19_53062093_53062264	B2d
B2_Mm1a_chr19_24110937_24111122	B2a
B3_chr19_6408135_6408305	B2c
B3_chr19_6444368_6444538	B2c
B3A_chr19_48071937_48072107	B2c
B3_chr19_32720043_32720259	B2d
B2_Mm2_chr19_3774899_3775088	B2b
B3_chr19_8772045_8772271	B2d
B2_Mm1a_chr19_32683681_32683882	B2a
B3A_chr19_57521871_57522057	B2d
B2_Mm2_chr19_5946396_5946570	B2b
B2_Mm2_chr19_22987815_22988007	B2a
B3_chr19_56999808_56999997	B2d
B2_Mm2_chr19_31044897_31045094	B2a
B2_Mm2_chr19_41753499_41753679	B2a
B2_Mm2_chr19_8674797_8674989	B2a
B3_chr19_24056757_24056973	B2d
B2_Mm2_chr19_46877974_46878161	B2a
B3_chr19_46715308_46715483	B2c
B3_chr19_6603606_6603807	B2d
B2_Mm2_chr19_3967665_3967841	B2a
B3_chr19_9921439_9921656	B2d
B2_Mm2_chr19_32748787_32748959	B2b
B3_chr19_16896380_16896564	B2d
B2_Mm2_chr19_60450714_60450907	B2b
B2_Mm2_chr19_24957513_24957711	B2a
B2_Mm1a_chr19_4408344_4408536	B2a
B2_Mm2_chr19_12403993_12404177	B2b
B3_chr19_24250818_24250993	B2c
B2_Mm2_chr19_37489660_37489868	B2a
B3_chr19_36771210_36771427	B2d
B3_chr19_3779270_3779446	B2c
B2_Mm1t_chr19_37355776_37355955	B2a
B3_chr19_44616918_44617088	B2c
B2_Mm2_chr19_4681838_4682027	B2a
B3_chr19_40659047_40659245	B2d
B3A_chr19_5340422_5340609	B2d
B3_chr19_7228321_7228502	B2d
B3A_chr19_34434206_34434377	B2d
B3_chr19_21213053_21213234	B2d
B2_Mm1a_chr19_4923847_4924047	B2a
B2_Mm1t_chr19_4110325_4110508	B2a
B3A_chr19_21675134_21675307	B2c
B3_chr19_30473343_30473548	B2d
B3_chr19_53381875_53382057	B2d
B3_chr19_41870154_41870342	B2c
B3_chr19_37529796_37529973	B2d
B3A_chr19_4101145_4101322	B2d
B3_chr19_55382564_55382753	B2d
B3_chr19_45320988_45321167	B2c
B2_Mm2_chr19_32675526_32675727	B2b
B3_chr19_4410321_4410502	B2c
B2_Mm1t_chr19_42220844_42221033	B2a
B2_Mm1a_chr19_38055110_38055282	B2a
B2_Mm2_chr19_23254155_23254327	B2a
B3_chr19_37204343_37204529	B2b
B2_Mm2_chr19_6295755_6295966	B2a
B2_Mm2_chr19_46581567_46581750	B2b
B2_Mm2_chr19_6868970_6869160	B2a
B3_chr19_35250415_35250593	B2c
B2_Mm1a_chr19_32850909_32851109	B2a
B3_chr19_5015353_5015557	B2d
B3_chr19_4218415_4218632	B2d
B3_chr19_8819738_8819918	B2c
B3_chr19_6060653_6060828	B2c
B3_chr19_10294052_10294226	B2c
B3_chr19_47360579_47360778	B2d
B2_Mm2_chr19_45770226_45770412	B2a
B2_Mm1a_chr19_34183812_34183996	B2a
B3_chr19_8723862_8724039	B2c
B3A_chr19_32336026_32336215	B2d
B2_Mm1t_chr19_45184967_45185157	B2a
B3_chr19_38484466_38484683	B2d
B3A_chr19_4687828_4688011	B2c
B3_chr19_19763297_19763493	B2d
B2_Mm2_chr19_6967743_6967917	B2a
B2_Mm1t_chr19_10120001_10120195	B2a
B3A_chr19_4409621_4409791	B2c
B2_Mm2_chr19_36891737_36891938	B2a
B3A_chr19_30217705_30217904	B2c
B3_chr19_43906311_43906505	B2d
B3_chr19_45189701_45189891	B2d
B3_chr19_6249282_6249464	B2c
B3A_chr19_17160249_17160425	B2c
B2_Mm2_chr19_30992842_30993029	B2a
B3_chr19_21285799_21286018	B2d
B2_Mm2_chr19_4399827_4400016	B2a
B3_chr19_24217012_24217189	B2c
B3_chr19_45666041_45666223	B2c
B2_Mm2_chr19_53036689_53036889	B2a
B3_chr19_30153334_30153530	B2d
B2_Mm1a_chr19_45597715_45597907	B2a
B2_Mm2_chr19_45895813_45895988	B2b
B3_chr19_27338702_27338906	B2d
B3_chr19_43575733_43575913	B2c
B3_chr19_6850820_6851000	B2c
B3_chr19_30971292_30971495	B2d
B3_chr19_13124083_13124259	B2c
B3_chr19_3776495_3776674	B2c
B3_chr19_3669116_3669289	B2c
B2_Mm2_chr19_53640214_53640390	B2b
B2_Mm2_chr19_50891170_50891354	B2a
B3_chr19_4443614_4443814	B2d
B3_chr19_44938499_44938680	B2c
B3A_chr19_22113488_22113665	B2c
B3_chr19_11490190_11490390	B2d
B2_Mm1t_chr19_17127162_17127354	B2a
B2_Mm1a_chr19_8783762_8783951	B2a
B3A_chr19_47534402_47534616	B2d
B2_Mm2_chr19_15896073_15896265	B2a
B2_Mm2_chr19_61211146_61211336	B2a
B3A_chr19_57427189_57427377	B2d
B2_Mm2_chr19_40526298_40526471	B2a
B3_chr19_45322787_45322970	B2c
B3A_chr19_47745304_47745507	B2d
B3A_chr19_51854666_51854846	B2c
B2_Mm2_chr19_45275092_45275282	B2b
B3_chr19_34768937_34769110	B2d
B3_chr19_5277156_5277330	B2d
B3A_chr19_45834867_45835058	B2d
B3A_chr19_32179302_32179485	B2d
B2_Mm2_chr19_5558971_5559148	B2a
B3A_chr19_58851550_58851748	B2d
B3_chr19_5644913_5645090	B2c
B2_Mm2_chr19_60811032_60811223	B2a
B2_Mm1a_chr19_5410621_5410814	B2a
B3_chr19_8684010_8684217	B2d
B3_chr19_41403291_41403466	B2c
B3A_chr19_40609029_40609231	B2d
B2_Mm2_chr19_41426581_41426770	B2a
B3A_chr19_42908363_42908574	B2c
B2_Mm2_chr19_55868077_55868276	B2b
B2_Mm1a_chr19_12010986_12011173	B2a
B3_chr19_3845631_3845813	B2c
B3_chr19_38934572_38934742	B2c
B2_Mm2_chr19_48540408_48540603	B2a
B3_chr19_36046938_36047114	B2c
B3A_chr19_20836577_20836752	B2d
B3A_chr19_45979415_45979603	B2c
B3_chr19_43939458_43939658	B2d
B2_Mm2_chr19_29752117_29752292	B2b
B3A_chr19_60999452_60999641	B2d
B3_chr19_46834293_46834477	B2c
B3_chr19_52155828_52156024	B2c
B3_chr19_4839207_4839396	B2d
B2_Mm1t_chr19_54876916_54877092	B2a
B2_Mm2_chr19_37317544_37317732	B2b
B2_Mm2_chr19_23361021_23361192	B2b
B3_chr19_6482362_6482557	B2d
B3A_chr19_53521687_53521862	B2d
B2_Mm2_chr19_4010580_4010765	B2a
B2_Mm1t_chr19_5446905_5447097	B2a
B3_chr19_45659076_45659273	B2d
B3_chr19_37668840_37669016	B2c
B3_chr19_4317149_4317325	B2c
B2_Mm2_chr19_8575963_8576144	B2a
B3_chr19_38922547_38922718	B2d
B3_chr19_28012792_28012987	B2d
B3A_chr19_45748301_45748482	B2d
B3_chr19_30182338_30182551	B2d
B3_chr19_38118439_38118645	B2d
B3A_chr19_46189274_46189497	B2c
B2_Mm2_chr19_14592696_14592879	B2a
B3_chr19_30129789_30129983	B2d
B3_chr19_10150721_10150930	B2d
B2_Mm2_chr19_25454431_25454617	B2a
B2_Mm2_chr19_5292984_5293161	B2a
B2_Mm1a_chr19_6707894_6708083	B2a
B3A_chr19_38218398_38218600	B2c
B3A_chr19_6248019_6248197	B2d
B3A_chr19_55670472_55670666	B2c
B3A_chr19_56955056_56955270	B2d
B2_Mm2_chr19_57736655_57736845	B2a
B3_chr19_37505250_37505421	B2c
