b2_35|B2_Mm1a|p0.88	TRUE_B2_Mm1a_consensus_of_B2_Mm1a_copies	0.990
b2_36|B2_Mm1a|p1.00	TRUE_B2_Mm1a_consensus_of_B2_Mm1a_copies	1.000
b2_37|B2_Mm1a|p0.90	TRUE_B2_Mm1a_consensus_of_B2_Mm1a_copies	0.990
b2_38|B2_Mm1a|p0.78	TRUE_B2_Mm1a_consensus_of_B2_Mm1a_copies	0.995
b2_30|B2_Mm1t|p0.44	TRUE_B2_Mm1t_consensus_of_B2_Mm1t_copies	0.968
b2_33|B2_Mm1t|p0.54	TRUE_B2_Mm1t_consensus_of_B2_Mm1t_copies	0.963  closer to TRUE_B2_Mm2_consensus_of_B2_Mm2_copies
b2_34|B2_Mm1t|p0.60	TRUE_B2_Mm1t_consensus_of_B2_Mm1t_copies	0.979  closer to TRUE_B2_Mm1a_consensus_of_B2_Mm1a_copies
b2_39|B2_Mm1t|p0.66	TRUE_B2_Mm1t_consensus_of_B2_Mm1t_copies	0.958  closer to TRUE_B2_Mm1a_consensus_of_B2_Mm1a_copies
b2_40|B2_Mm1t|p0.96	TRUE_B2_Mm1t_consensus_of_B2_Mm1t_copies	0.957
b2_41|B2_Mm1t|p0.60	TRUE_B2_Mm1t_consensus_of_B2_Mm1t_copies	0.973
b2_22|B2_Mm2|p0.94	TRUE_B2_Mm2_consensus_of_B2_Mm2_copies	0.989
b2_23|B2_Mm2|p0.92	TRUE_B2_Mm2_consensus_of_B2_Mm2_copies	0.978
b2_24|B2_Mm2|p1.00	TRUE_B2_Mm2_consensus_of_B2_Mm2_copies	0.989
b2_25|B2_Mm2|p1.00	TRUE_B2_Mm2_consensus_of_B2_Mm2_copies	0.995
b2_26|B2_Mm2|p1.00	TRUE_B2_Mm2_consensus_of_B2_Mm2_copies	1.000
b2_27|B2_Mm2|p1.00	TRUE_B2_Mm2_consensus_of_B2_Mm2_copies	0.990
b2_28|B2_Mm2|p0.96	TRUE_B2_Mm2_consensus_of_B2_Mm2_copies	0.995
b2_29|B2_Mm2|p0.98	TRUE_B2_Mm2_consensus_of_B2_Mm2_copies	0.990
b2_31|B2_Mm2|p0.44	TRUE_B2_Mm2_consensus_of_B2_Mm2_copies	0.958
b2_32|B2_Mm2|p0.50	TRUE_B2_Mm2_consensus_of_B2_Mm2_copies	0.953  closer to TRUE_B2_Mm1t_consensus_of_B2_Mm1t_copies
b2_42|B2_Mm2|p0.76	TRUE_B2_Mm2_consensus_of_B2_Mm2_copies	0.969
b2_43|B2_Mm2|p0.96	TRUE_B2_Mm2_consensus_of_B2_Mm2_copies	0.948
b2_44|B2_Mm2|p0.96	TRUE_B2_Mm2_consensus_of_B2_Mm2_copies	0.914
b2_45|B2_Mm2|p0.64	TRUE_B2_Mm2_consensus_of_B2_Mm2_copies	0.867
b2_02|B3|p0.62	TRUE_B3_consensus_of_B3_copies	0.924
b2_03|B3|p0.66	TRUE_B3_consensus_of_B3_copies	0.947
b2_04|B3|p0.78	TRUE_B3_consensus_of_B3_copies	0.960
b2_06|B3|p0.72	TRUE_B3_consensus_of_B3_copies	0.935
b2_07|B3|p0.82	TRUE_B3_consensus_of_B3_copies	0.961
b2_08|B3|p0.78	TRUE_B3_consensus_of_B3_copies	0.918
b2_09|B3|p0.92	TRUE_B3_consensus_of_B3_copies	0.956
b2_10|B3|p0.86	TRUE_B3_consensus_of_B3_copies	0.965
b2_11|B3|p0.96	TRUE_B3_consensus_of_B3_copies	0.956
b2_12|B3|p0.98	TRUE_B3_consensus_of_B3_copies	0.955
b2_13|B3|p1.00	TRUE_B3_consensus_of_B3_copies	0.961
b2_14|B3|p0.98	TRUE_B3_consensus_of_B3_copies	0.937
b2_15|B3|p0.98	TRUE_B3_consensus_of_B3_copies	0.971
b2_16|B3|p0.96	TRUE_B3_consensus_of_B3_copies	0.961
b2_17|B3|p0.98	TRUE_B3_consensus_of_B3_copies	0.947
b2_18|B3|p0.78	TRUE_B3_consensus_of_B3_copies	0.961
b2_19|B3|p0.94	TRUE_B3_consensus_of_B3_copies	0.990
b2_20|B3|p0.56	TRUE_B3_consensus_of_B3_copies	0.917
b2_46|B3|p0.86	TRUE_B3_consensus_of_B3_copies	0.985
b2_47|B3|p0.88	TRUE_B3_consensus_of_B3_copies	0.951
b2_48|B3|p0.96	TRUE_B3_consensus_of_B3_copies	0.955
b2_49|B3|p0.92	TRUE_B3_consensus_of_B3_copies	0.955
b2_50|B3|p0.56	TRUE_B3_consensus_of_B3_copies	0.917
b2_51|B3|p0.66	TRUE_B3_consensus_of_B3_copies	0.927
b2_55|B3|p0.70	TRUE_B3_consensus_of_B3_copies	0.955
b2_56|B3|p0.66	TRUE_B3_consensus_of_B3_copies	0.940
b2_59|B3|p0.62	TRUE_B3_consensus_of_B3_copies	0.914
b2_01|B3A|p0.70	TRUE_B3A_consensus_of_B3A_copies	0.879  closer to TRUE_B3_consensus_of_B3_copies
b2_05|B3A|p0.66	TRUE_B3A_consensus_of_B3A_copies	0.880
b2_21|B3A|p0.50	TRUE_B3A_consensus_of_B3A_copies	0.927
b2_52|B3A|p0.86	TRUE_B3A_consensus_of_B3A_copies	0.877
b2_53|B3A|p0.92	TRUE_B3A_consensus_of_B3A_copies	0.920
b2_54|B3A|p0.56	TRUE_B3A_consensus_of_B3A_copies	0.890
b2_57|B3A|p0.60	TRUE_B3A_consensus_of_B3A_copies	0.887
b2_58|B3A|p0.70	TRUE_B3A_consensus_of_B3A_copies	0.842  closer to TRUE_B3_consensus_of_B3_copies
b2_60|B3A|p0.56	TRUE_B3A_consensus_of_B3A_copies	0.862
