konkel_01|AluY|p1.00	PUBLISHED_PRICE_AluY	1.000
konkel_02|AluY|p1.00	PUBLISHED_PRICE_AluY	1.000
konkel_03|AluY|p0.95	PUBLISHED_PRICE_AluY	0.996
konkel_12|AluY|p0.37	PUBLISHED_PRICE_AluY	0.996
konkel_04|AluYa5|p1.00	PUBLISHED_PRICE_AluYa5	1.000
konkel_05|AluYa5|p1.00	PUBLISHED_PRICE_AluYa5	1.000
konkel_06|AluYa5|p1.00	PUBLISHED_PRICE_AluYa5	1.000
konkel_07|AluYa5|p1.00	PUBLISHED_PRICE_AluYa5	1.000
konkel_08|AluYa5|p1.00	PUBLISHED_PRICE_AluYa5	1.000
konkel_09|AluYa5|p1.00	PUBLISHED_PRICE_AluYa5	1.000
konkel_10|AluYa5|p1.00	PUBLISHED_PRICE_AluYa5	1.000
konkel_11|AluYa5|p1.00	PUBLISHED_PRICE_AluYa5	1.000
konkel_13|AluYb8|p0.95	PUBLISHED_PRICE_AluYb8	1.000
konkel_14|AluYb8|p1.00	PUBLISHED_PRICE_AluYb8	1.000
konkel_15|AluYb8|p0.70	PUBLISHED_PRICE_AluYb8	1.000
konkel_16|AluYb8|p0.68	PUBLISHED_PRICE_AluYb8	0.997
