simple_12|SF1|p0.52	TRUE_SF1_consensus_of_SF1_copies	0.997
simple_13|SF1|p1.00	TRUE_SF1_consensus_of_SF1_copies	1.000
simple_14|SF1|p1.00	TRUE_SF1_consensus_of_SF1_copies	1.000
simple_15|SF1|p0.96	TRUE_SF1_consensus_of_SF1_copies	1.000
simple_16|SF1|p1.00	TRUE_SF1_consensus_of_SF1_copies	1.000
simple_17|SF1|p1.00	TRUE_SF1_consensus_of_SF1_copies	1.000
simple_18|SF1|p1.00	TRUE_SF1_consensus_of_SF1_copies	1.000
simple_19|SF1|p1.00	TRUE_SF1_consensus_of_SF1_copies	1.000
simple_20|SF1|p1.00	TRUE_SF1_consensus_of_SF1_copies	1.000
simple_21|SF1|p1.00	TRUE_SF1_consensus_of_SF1_copies	1.000
simple_22|SF1|p1.00	TRUE_SF1_consensus_of_SF1_copies	1.000
simple_23|SF1|p0.70	TRUE_SF1_consensus_of_SF1_copies	1.000
simple_24|SF2|p0.98	TRUE_SF2_consensus_of_SF2_copies	1.000
simple_25|SF2|p1.00	TRUE_SF2_consensus_of_SF2_copies	1.000
simple_26|SF2|p1.00	TRUE_SF2_consensus_of_SF2_copies	1.000
simple_27|SF2|p1.00	TRUE_SF2_consensus_of_SF2_copies	1.000
simple_28|SF2|p1.00	TRUE_SF2_consensus_of_SF2_copies	1.000
simple_29|SF2|p1.00	TRUE_SF2_consensus_of_SF2_copies	1.000
simple_30|SF2|p0.62	TRUE_SF2_consensus_of_SF2_copies	1.000
simple_31|SF2|p0.70	TRUE_SF2_consensus_of_SF2_copies	1.000
simple_07|SF3|p1.00	TRUE_SF3_consensus_of_SF3_copies	1.000
simple_08|SF3|p1.00	TRUE_SF3_consensus_of_SF3_copies	1.000
simple_09|SF3|p1.00	TRUE_SF3_consensus_of_SF3_copies	1.000
simple_10|SF3|p1.00	TRUE_SF3_consensus_of_SF3_copies	1.000
simple_11|SF3|p0.92	TRUE_SF3_consensus_of_SF3_copies	1.000
simple_01|SF4|p0.38	TRUE_SF4_consensus_of_SF4_copies	0.967  closer to TRUE_SF1_consensus_of_SF1_copies
simple_02|SF4|p0.58	TRUE_SF4_consensus_of_SF4_copies	1.000
simple_03|SF4|p1.00	TRUE_SF4_consensus_of_SF4_copies	1.000
simple_04|SF4|p0.96	TRUE_SF4_consensus_of_SF4_copies	1.000
simple_05|SF4|p1.00	TRUE_SF4_consensus_of_SF4_copies	1.000
simple_06|SF4|p0.84	TRUE_SF4_consensus_of_SF4_copies	1.000
simple_37|SF5|p1.00	TRUE_SF5_consensus_of_SF5_copies	1.000
simple_38|SF5|p0.98	TRUE_SF5_consensus_of_SF5_copies	1.000
simple_39|SF5|p0.98	TRUE_SF5_consensus_of_SF5_copies	1.000
simple_40|SF5|p0.78	TRUE_SF5_consensus_of_SF5_copies	1.000
simple_34|SF6|p0.86	TRUE_SF6_consensus_of_SF6_copies	1.000
simple_35|SF6|p1.00	TRUE_SF6_consensus_of_SF6_copies	1.000
simple_36|SF6|p0.92	TRUE_SF6_consensus_of_SF6_copies	1.000
simple_32|SF7|p0.90	TRUE_SF7_consensus_of_SF7_copies	1.000
simple_33|SF8|p0.74	TRUE_SF8_consensus_of_SF8_copies	1.000
