seed	scenario	method	reps	reps_ge10	singleton	purity	median_id	recovered
1	young	SubFam -n 50	40	40	0.00	0.987	100.0	8/8
1	young	SubFam -n 20	100	100	0.00	0.975	100.0	8/8
1	young	VSEARCH 0.95	1306	19	0.57	1.000	100.0	8/8
1	young	VSEARCH 0.90	97	22	0.02	1.000	100.0	8/8
1	young	VSEARCH 0.85	6	6	0.00	0.646	100.0	6/8
1	young	VSEARCH 0.80	1	1	0.00	0.300	98.7	0/8
1	young	VSEARCH 0.75	1	1	0.00	0.300	98.7	0/8
1	young	VSEARCH 0.70	1	1	0.00	0.300	98.7	0/8
1	young	VSEARCH 0.65	1	1	0.00	0.300	98.7	0/8
1	middle	SubFam -n 50	40	40	0.00	0.908	100.0	8/8
1	middle	SubFam -n 20	100	100	0.00	0.927	100.0	8/8
1	middle	VSEARCH 0.95	2000	0	1.00	1.000	NA	0/8
1	middle	VSEARCH 0.90	1961	0	0.97	1.000	NA	1/8
1	middle	VSEARCH 0.85	1133	22	0.45	0.996	100.0	8/8
1	middle	VSEARCH 0.80	210	50	0.04	0.945	99.7	8/8
1	middle	VSEARCH 0.75	15	11	0.00	0.701	100.0	7/8
1	middle	VSEARCH 0.70	3	3	0.00	0.414	98.3	0/8
1	middle	VSEARCH 0.65	2	2	0.00	0.320	98.0	0/8
1	old	SubFam -n 50	40	40	0.00	0.710	100.0	7/8
1	old	SubFam -n 20	100	100	0.00	0.764	100.0	8/8
1	old	VSEARCH 0.95	2000	0	1.00	1.000	NA	0/8
1	old	VSEARCH 0.90	2000	0	1.00	1.000	NA	0/8
1	old	VSEARCH 0.85	2000	0	1.00	1.000	NA	0/8
1	old	VSEARCH 0.80	1988	0	0.99	1.000	NA	0/8
1	old	VSEARCH 0.75	1536	7	0.68	0.986	99.0	3/8
1	old	VSEARCH 0.70	571	41	0.16	0.874	98.3	7/8
1	old	VSEARCH 0.65	73	34	0.00	0.606	97.0	2/8
2	young	SubFam -n 50	40	40	0.00	0.986	100.0	8/8
2	young	SubFam -n 20	100	100	0.00	0.981	100.0	8/8
2	young	VSEARCH 0.95	1232	18	0.55	1.000	100.0	8/8
2	young	VSEARCH 0.90	93	39	0.02	0.997	100.0	8/8
2	young	VSEARCH 0.85	6	5	0.00	0.774	100.0	5/8
2	young	VSEARCH 0.80	2	2	0.00	0.383	98.7	0/8
2	young	VSEARCH 0.75	1	1	0.00	0.300	98.7	0/8
2	young	VSEARCH 0.70	1	1	0.00	0.300	98.7	0/8
2	young	VSEARCH 0.65	1	1	0.00	0.300	98.7	0/8
2	middle	SubFam -n 50	40	40	0.00	0.901	100.0	8/8
2	middle	SubFam -n 20	100	100	0.00	0.927	100.0	8/8
2	middle	VSEARCH 0.95	2000	0	1.00	1.000	NA	0/8
2	middle	VSEARCH 0.90	1933	1	0.95	1.000	100.0	4/8
2	middle	VSEARCH 0.85	1110	20	0.44	0.996	100.0	8/8
2	middle	VSEARCH 0.80	186	44	0.04	0.926	100.0	8/8
2	middle	VSEARCH 0.75	14	11	0.00	0.628	99.7	5/8
2	middle	VSEARCH 0.70	3	3	0.00	0.366	98.7	1/8
2	middle	VSEARCH 0.65	1	1	0.00	0.300	98.3	0/8
2	old	SubFam -n 50	40	40	0.00	0.721	100.0	8/8
2	old	SubFam -n 20	100	100	0.00	0.797	100.0	8/8
2	old	VSEARCH 0.95	2000	0	1.00	1.000	NA	0/8
2	old	VSEARCH 0.90	2000	0	1.00	1.000	NA	0/8
2	old	VSEARCH 0.85	2000	0	1.00	1.000	NA	0/8
2	old	VSEARCH 0.80	1983	0	0.99	1.000	NA	0/8
2	old	VSEARCH 0.75	1529	10	0.68	0.981	99.2	3/8
2	old	VSEARCH 0.70	532	41	0.14	0.854	97.7	4/8
2	old	VSEARCH 0.65	63	29	0.01	0.566	96.4	2/8
3	young	SubFam -n 50	40	40	0.00	0.972	100.0	8/8
3	young	SubFam -n 20	100	100	0.00	0.962	100.0	8/8
3	young	VSEARCH 0.95	1260	16	0.54	1.000	100.0	8/8
3	young	VSEARCH 0.90	89	16	0.02	0.996	100.0	8/8
3	young	VSEARCH 0.85	5	5	0.00	0.667	100.0	4/8
3	young	VSEARCH 0.80	1	1	0.00	0.300	97.7	0/8
3	young	VSEARCH 0.75	1	1	0.00	0.300	97.7	0/8
3	young	VSEARCH 0.70	1	1	0.00	0.300	97.7	0/8
3	young	VSEARCH 0.65	1	1	0.00	0.300	97.7	0/8
3	middle	SubFam -n 50	40	40	0.00	0.877	100.0	8/8
3	middle	SubFam -n 20	100	100	0.00	0.915	100.0	8/8
3	middle	VSEARCH 0.95	2000	0	1.00	1.000	NA	0/8
3	middle	VSEARCH 0.90	1940	1	0.96	1.000	100.0	4/8
3	middle	VSEARCH 0.85	1095	25	0.43	0.994	100.0	8/8
3	middle	VSEARCH 0.80	203	55	0.04	0.936	100.0	8/8
3	middle	VSEARCH 0.75	13	12	0.00	0.715	99.5	8/8
3	middle	VSEARCH 0.70	3	2	0.00	0.384	98.3	0/8
3	middle	VSEARCH 0.65	2	2	0.00	0.353	98.7	0/8
3	old	SubFam -n 50	40	40	0.00	0.679	100.0	7/8
3	old	SubFam -n 20	100	100	0.00	0.743	100.0	8/8
3	old	VSEARCH 0.95	2000	0	1.00	1.000	NA	0/8
3	old	VSEARCH 0.90	2000	0	1.00	1.000	NA	0/8
3	old	VSEARCH 0.85	2000	0	1.00	1.000	NA	0/8
3	old	VSEARCH 0.80	1974	0	0.98	1.000	NA	0/8
3	old	VSEARCH 0.75	1540	7	0.67	0.984	99.3	5/8
3	old	VSEARCH 0.70	527	40	0.15	0.845	98.3	6/8
3	old	VSEARCH 0.65	92	44	0.01	0.635	97.0	5/8
4	young	SubFam -n 50	40	40	0.00	0.981	100.0	8/8
4	young	SubFam -n 20	100	100	0.00	0.969	100.0	8/8
4	young	VSEARCH 0.95	1296	15	0.59	1.000	100.0	8/8
4	young	VSEARCH 0.90	94	24	0.02	0.993	100.0	8/8
4	young	VSEARCH 0.85	8	6	0.00	0.651	100.0	5/8
4	young	VSEARCH 0.80	2	2	0.00	0.374	98.7	0/8
4	young	VSEARCH 0.75	1	1	0.00	0.300	98.7	0/8
4	young	VSEARCH 0.70	1	1	0.00	0.300	98.7	0/8
4	young	VSEARCH 0.65	1	1	0.00	0.300	98.7	0/8
4	middle	SubFam -n 50	40	40	0.00	0.915	100.0	8/8
4	middle	SubFam -n 20	100	100	0.00	0.926	100.0	8/8
4	middle	VSEARCH 0.95	2000	0	1.00	1.000	NA	0/8
4	middle	VSEARCH 0.90	1953	0	0.96	1.000	NA	3/8
4	middle	VSEARCH 0.85	1127	21	0.44	0.998	100.0	8/8
4	middle	VSEARCH 0.80	165	34	0.03	0.936	99.7	7/8
4	middle	VSEARCH 0.75	14	11	0.00	0.715	100.0	6/8
4	middle	VSEARCH 0.70	4	4	0.00	0.411	98.0	0/8
4	middle	VSEARCH 0.65	1	1	0.00	0.300	98.7	0/8
4	old	SubFam -n 50	40	40	0.00	0.747	100.0	7/8
4	old	SubFam -n 20	100	100	0.00	0.800	100.0	8/8
4	old	VSEARCH 0.95	2000	0	1.00	1.000	NA	0/8
4	old	VSEARCH 0.90	2000	0	1.00	1.000	NA	0/8
4	old	VSEARCH 0.85	2000	0	1.00	1.000	NA	0/8
4	old	VSEARCH 0.80	1971	1	0.98	1.000	100.0	2/8
4	old	VSEARCH 0.75	1524	10	0.68	0.983	99.2	6/8
4	old	VSEARCH 0.70	557	41	0.15	0.893	98.3	6/8
4	old	VSEARCH 0.65	98	50	0.01	0.625	96.3	4/8
5	young	SubFam -n 50	40	40	0.00	0.989	100.0	8/8
5	young	SubFam -n 20	100	100	0.00	0.975	100.0	8/8
5	young	VSEARCH 0.95	1299	18	0.57	1.000	100.0	8/8
5	young	VSEARCH 0.90	92	24	0.02	0.990	100.0	8/8
5	young	VSEARCH 0.85	8	7	0.00	0.695	100.0	5/8
5	young	VSEARCH 0.80	3	3	0.00	0.397	98.7	1/8
5	young	VSEARCH 0.75	1	1	0.00	0.300	97.7	0/8
5	young	VSEARCH 0.70	1	1	0.00	0.300	97.7	0/8
5	young	VSEARCH 0.65	1	1	0.00	0.300	97.7	0/8
5	middle	SubFam -n 50	40	40	0.00	0.935	100.0	8/8
5	middle	SubFam -n 20	100	100	0.00	0.948	100.0	8/8
5	middle	VSEARCH 0.95	2000	0	1.00	1.000	NA	0/8
5	middle	VSEARCH 0.90	1949	2	0.96	1.000	100.0	5/8
5	middle	VSEARCH 0.85	1107	24	0.46	0.995	100.0	8/8
5	middle	VSEARCH 0.80	188	43	0.04	0.939	99.7	8/8
5	middle	VSEARCH 0.75	19	13	0.00	0.677	99.7	7/8
5	middle	VSEARCH 0.70	1	1	0.00	0.300	97.3	0/8
5	middle	VSEARCH 0.65	1	1	0.00	0.300	97.3	0/8
5	old	SubFam -n 50	40	40	0.00	0.745	100.0	6/8
5	old	SubFam -n 20	100	100	0.00	0.802	100.0	8/8
5	old	VSEARCH 0.95	2000	0	1.00	1.000	NA	0/8
5	old	VSEARCH 0.90	2000	0	1.00	1.000	NA	0/8
5	old	VSEARCH 0.85	2000	0	1.00	1.000	NA	0/8
5	old	VSEARCH 0.80	1984	0	0.99	1.000	NA	0/8
5	old	VSEARCH 0.75	1536	5	0.67	0.984	99.3	2/8
5	old	VSEARCH 0.70	545	55	0.14	0.880	98.0	5/8
5	old	VSEARCH 0.65	87	46	0.00	0.680	97.0	2/8
6	young	SubFam -n 50	40	40	0.00	0.992	100.0	8/8
6	young	SubFam -n 20	100	100	0.00	0.976	100.0	8/8
6	young	VSEARCH 0.95	1305	12	0.59	1.000	100.0	8/8
6	young	VSEARCH 0.90	84	19	0.02	0.999	100.0	8/8
6	young	VSEARCH 0.85	6	4	0.00	0.654	99.5	4/8
6	young	VSEARCH 0.80	3	3	0.00	0.397	99.0	1/8
6	young	VSEARCH 0.75	1	1	0.00	0.300	99.0	1/8
6	young	VSEARCH 0.70	1	1	0.00	0.300	99.0	1/8
6	young	VSEARCH 0.65	1	1	0.00	0.300	99.0	1/8
6	middle	SubFam -n 50	40	40	0.00	0.884	100.0	8/8
6	middle	SubFam -n 20	100	100	0.00	0.927	100.0	8/8
6	middle	VSEARCH 0.95	2000	0	1.00	1.000	NA	0/8
6	middle	VSEARCH 0.90	1964	0	0.97	1.000	NA	3/8
6	middle	VSEARCH 0.85	1137	25	0.47	0.998	100.0	8/8
6	middle	VSEARCH 0.80	179	43	0.04	0.916	99.7	8/8
6	middle	VSEARCH 0.75	20	17	0.00	0.733	99.7	6/8
6	middle	VSEARCH 0.70	2	2	0.00	0.369	98.8	1/8
6	middle	VSEARCH 0.65	2	2	0.00	0.369	98.8	1/8
6	old	SubFam -n 50	40	40	0.00	0.696	100.0	8/8
6	old	SubFam -n 20	100	100	0.00	0.743	100.0	8/8
6	old	VSEARCH 0.95	2000	0	1.00	1.000	NA	0/8
6	old	VSEARCH 0.90	2000	0	1.00	1.000	NA	0/8
6	old	VSEARCH 0.85	2000	0	1.00	1.000	NA	0/8
6	old	VSEARCH 0.80	1982	0	0.98	1.000	NA	0/8
6	old	VSEARCH 0.75	1514	6	0.66	0.981	99.3	4/8
6	old	VSEARCH 0.70	504	31	0.14	0.858	98.3	6/8
6	old	VSEARCH 0.65	66	32	0.01	0.558	97.0	2/8
7	young	SubFam -n 50	40	40	0.00	0.992	100.0	8/8
7	young	SubFam -n 20	100	100	0.00	0.982	100.0	8/8
7	young	VSEARCH 0.95	1229	16	0.55	1.000	100.0	8/8
7	young	VSEARCH 0.90	92	19	0.02	0.999	100.0	8/8
7	young	VSEARCH 0.85	7	6	0.00	0.797	100.0	5/8
7	young	VSEARCH 0.80	2	2	0.00	0.320	98.7	0/8
7	young	VSEARCH 0.75	1	1	0.00	0.300	98.3	0/8
7	young	VSEARCH 0.70	1	1	0.00	0.300	98.3	0/8
7	young	VSEARCH 0.65	1	1	0.00	0.300	98.3	0/8
7	middle	SubFam -n 50	40	40	0.00	0.873	100.0	7/8
7	middle	SubFam -n 20	100	100	0.00	0.918	100.0	8/8
7	middle	VSEARCH 0.95	2000	0	1.00	1.000	NA	0/8
7	middle	VSEARCH 0.90	1949	0	0.96	1.000	NA	6/8
7	middle	VSEARCH 0.85	1112	26	0.45	0.994	100.0	8/8
7	middle	VSEARCH 0.80	200	48	0.03	0.918	100.0	8/8
7	middle	VSEARCH 0.75	21	16	0.00	0.682	99.7	7/8
7	middle	VSEARCH 0.70	5	4	0.00	0.462	99.3	2/8
7	middle	VSEARCH 0.65	2	1	0.00	0.301	98.3	0/8
7	old	SubFam -n 50	40	40	0.00	0.715	100.0	8/8
7	old	SubFam -n 20	100	100	0.00	0.749	100.0	8/8
7	old	VSEARCH 0.95	2000	0	1.00	1.000	NA	0/8
7	old	VSEARCH 0.90	2000	0	1.00	1.000	NA	0/8
7	old	VSEARCH 0.85	2000	0	1.00	1.000	NA	0/8
7	old	VSEARCH 0.80	1979	0	0.98	0.999	NA	1/8
7	old	VSEARCH 0.75	1562	6	0.69	0.978	98.7	3/8
7	old	VSEARCH 0.70	570	42	0.16	0.856	98.0	3/8
7	old	VSEARCH 0.65	83	40	0.01	0.650	96.6	3/8
8	young	SubFam -n 50	40	40	0.00	0.984	100.0	8/8
8	young	SubFam -n 20	100	100	0.00	0.966	100.0	8/8
8	young	VSEARCH 0.95	1245	20	0.56	1.000	100.0	8/8
8	young	VSEARCH 0.90	105	24	0.02	0.999	100.0	8/8
8	young	VSEARCH 0.85	8	7	0.00	0.700	100.0	6/8
8	young	VSEARCH 0.80	1	1	0.00	0.300	98.3	0/8
8	young	VSEARCH 0.75	1	1	0.00	0.300	98.3	0/8
8	young	VSEARCH 0.70	1	1	0.00	0.300	98.3	0/8
8	young	VSEARCH 0.65	1	1	0.00	0.300	98.3	0/8
8	middle	SubFam -n 50	40	40	0.00	0.892	100.0	8/8
8	middle	SubFam -n 20	100	100	0.00	0.921	100.0	8/8
8	middle	VSEARCH 0.95	2000	0	1.00	1.000	NA	0/8
8	middle	VSEARCH 0.90	1950	0	0.96	1.000	NA	3/8
8	middle	VSEARCH 0.85	1161	22	0.48	0.998	100.0	8/8
8	middle	VSEARCH 0.80	209	42	0.04	0.946	100.0	8/8
8	middle	VSEARCH 0.75	20	14	0.00	0.625	100.0	7/8
8	middle	VSEARCH 0.70	3	2	0.00	0.389	98.8	1/8
8	middle	VSEARCH 0.65	1	1	0.00	0.300	98.0	0/8
8	old	SubFam -n 50	40	40	0.00	0.722	100.0	8/8
8	old	SubFam -n 20	100	100	0.00	0.775	100.0	8/8
8	old	VSEARCH 0.95	2000	0	1.00	1.000	NA	0/8
8	old	VSEARCH 0.90	2000	0	1.00	1.000	NA	0/8
8	old	VSEARCH 0.85	2000	0	1.00	1.000	NA	0/8
8	old	VSEARCH 0.80	1982	0	0.98	1.000	NA	0/8
8	old	VSEARCH 0.75	1519	12	0.67	0.981	98.3	3/8
8	old	VSEARCH 0.70	521	44	0.15	0.819	97.8	5/8
8	old	VSEARCH 0.65	91	48	0.01	0.620	97.0	5/8
